design,overlap,sigma_y,n,p,s,lasso_floor,best_sel,best,best_alpha,ratio
"n = 1000, p = 100",awful,1,NA,NA,NA,0.40211542656415705,0.4627091937662495,boot.inf,0.5,1.1506874971692358
"n = 1000, p = 100",awful,2,NA,NA,NA,0.4044760848120642,0.4743377665717536,boot.inf,0.5,1.1727214151416392
"n = 1000, p = 100",awful,3,NA,NA,NA,0.5110599710062029,0.5183131262588724,boot.inf,0.5,1.0141923759718239
"n = 1000, p = 100",awful,5,NA,NA,NA,0.6652651480905637,0.6231370540326514,boot.inf,0.5,0.9366747316031392
"n = 1000, p = 100",awful,10,NA,NA,NA,1.266130332142614,0.8749057903899842,cv.bloss,0.5,0.6910076855274617
"n = 1000, p = 100",bad,1,NA,NA,NA,0.24067422995265234,0.32594594907579943,boot.inf,0.5,1.3543034879136107
"n = 1000, p = 100",bad,2,NA,NA,NA,0.3291380556155976,0.34912294390534304,boot.inf,0.5,1.0607188623398989
"n = 1000, p = 100",bad,3,NA,NA,NA,0.35945375996306633,0.38997542544297936,boot.inf,0.5,1.0849112427786236
"n = 1000, p = 100",bad,5,NA,NA,NA,0.5239186735329754,0.5009783828304782,boot.inf,0.5,0.9562140235471999
"n = 1000, p = 100",bad,10,NA,NA,NA,0.9281869503694403,0.7899845181951332,cv.bloss,0.5,0.8511049610002605
"n = 1000, p = 100",good,1,NA,NA,NA,0.07328333643953916,0.08461641209396784,boot.smd,0.5,1.1546473755841997
"n = 1000, p = 100",good,2,NA,NA,NA,0.12226044530352627,0.12294427813182265,boot.smd,0.5,1.0055932466677893
"n = 1000, p = 100",good,3,NA,NA,NA,0.19430485378146856,0.1872175337729909,boot.smd,0.5,0.9635247402700057
"n = 1000, p = 100",good,5,NA,NA,NA,0.2964640842643863,0.2742823285644275,boot.inf,0.5,0.9251789445085796
"n = 1000, p = 100",good,10,NA,NA,NA,0.5777323752242353,0.5030117416491349,cv.bloss,0.5,0.8706656632387979
"n = 1000, p = 100",moderate,1,NA,NA,NA,0.11592452600459915,0.18158996347078085,boot.inf,0.5,1.5664499112429109
"n = 1000, p = 100",moderate,2,NA,NA,NA,0.18278568985566615,0.21902302985361585,boot.inf,0.5,1.1982504211711758
"n = 1000, p = 100",moderate,3,NA,NA,NA,0.2466648715181799,0.2570589112605472,boot.inf,0.5,1.0421383056224982
"n = 1000, p = 100",moderate,5,NA,NA,NA,0.38640116312440326,0.35564449127076286,boot.inf,0.5,0.9204022275581553
"n = 1000, p = 100",moderate,10,NA,NA,NA,0.7766578733765315,0.6529424692041101,cv.bloss,0.5,0.8407079765578545
"n sweep, p = 100",awful,1,250,NA,NA,0.6438401070421906,0.628688204303256,boot.inf,0.5,0.9764663577599373
"n sweep, p = 100",awful,3,250,NA,NA,0.7289772282562733,0.6991649088264528,boot.inf,0.5,0.9591039084977563
"n sweep, p = 100",awful,10,250,NA,NA,1.3740862507843885,1.2517251979005366,cv.bloss,0.5,0.9109509662774059
"n sweep, p = 100",awful,1,500,NA,NA,0.5168791448169839,0.5371927195788113,boot.inf,0.5,1.039300434087005
"n sweep, p = 100",awful,3,500,NA,NA,0.5946562921966452,0.6122913267545245,boot.inf,0.5,1.0296558445429644
"n sweep, p = 100",awful,10,500,NA,NA,1.2090541762446434,1.1056617224503602,cv.inf,0.5,0.9144848462329264
"n sweep, p = 100",awful,1,2000,NA,NA,0.3459601708414177,0.38541084477112814,boot.inf,0.5,1.1140324154475976
"n sweep, p = 100",awful,3,2000,NA,NA,0.44133925752460684,0.4330944651293151,boot.inf,0.5,0.9813186970007262
"n sweep, p = 100",awful,10,2000,NA,NA,0.9993004025463142,0.7301293786243749,cv.inf,0.5,0.7306405328807378
"n sweep, p = 100",bad,1,250,NA,NA,0.5313834862807122,0.5236384261827847,boot.inf,0.5,0.9854247256493852
"n sweep, p = 100",bad,3,250,NA,NA,0.6116980551187302,0.617450614803834,boot.inf,0.5,1.0094042471395257
"n sweep, p = 100",bad,10,250,NA,NA,1.2264192305459312,1.2128239583099276,cv.bloss,0.5,0.9889146615631983
"n sweep, p = 100",bad,1,500,NA,NA,0.3876801107589239,0.4262446496725949,boot.inf,0.5,1.0994751544983232
"n sweep, p = 100",bad,3,500,NA,NA,0.48304762234532456,0.5095586882569445,boot.inf,0.5,1.0548829239297395
"n sweep, p = 100",bad,10,500,NA,NA,1.0793452007540398,1.0482449061475787,cv.bloss,0.5,0.9711859610949914
"n sweep, p = 100",bad,1,2000,NA,NA,0.17200299633766578,0.249806482832318,boot.inf,0.5,1.4523379717287783
"n sweep, p = 100",bad,3,2000,NA,NA,0.27491538690907147,0.31521595816309284,boot.inf,0.5,1.1465926360365957
"n sweep, p = 100",bad,10,2000,NA,NA,0.7895169322268147,0.6573232671769232,cv.bloss,0.5,0.83256386322578
"alpha sweep, bad overlap",bad,1,NA,NA,NA,0.2768239371802305,0.3399056911745676,boot.inf,0.75,1.227876803707429
"alpha sweep, bad overlap",bad,5,NA,NA,NA,0.5257190821453063,0.5191833302488537,cv.bloss,0.75,0.9875679766658229
"alpha sweep, bad overlap",bad,10,NA,NA,NA,0.9419399364080037,0.8122994174103387,cv.inf,0.75,0.8623685927448448
confounder spread,awful,1,NA,NA,5,0.41686156390032253,0.45961218342533733,boot.inf,0.5,1.1025535171077492
confounder spread,awful,1,NA,NA,20,0.5798082250357321,0.62422231905298875,cv.bloss,0.5,1.0766013521359057
confounder spread,awful,1,NA,NA,50,0.8279351307274286,0.6739416471779403,boot.smd,0.5,0.8140029600940006
confounder spread,bad,1,NA,NA,5,0.26136186569872155,0.3233888558278495,boot.inf,0.5,1.2373222656767686
confounder spread,bad,1,NA,NA,20,0.4437086804022119,0.5137260043429472,boot.inf,0,1.1578002122412079
confounder spread,bad,1,NA,NA,50,0.5554583923551158,0.5376974327482387,boot.smd,0.5,0.9680246804237279
confounder spread,good,1,NA,NA,5,0.0774209598576512,0.08711569733481868,boot.smd,0.5,1.125221096392922
confounder spread,good,1,NA,NA,20,0.08314995068010272,0.11246204371377283,boot.smd,0.5,1.3525208709556615
confounder spread,good,1,NA,NA,50,0.07940032814886486,0.130948886321075,boot.smd,0.5,1.6492234903055258
confounder spread,moderate,1,NA,NA,5,0.12877617027767296,0.18046119988354634,boot.inf,0.5,1.4013555419021064
confounder spread,moderate,1,NA,NA,20,0.24188810211422967,0.2772539566610343,boot.smd,0.5,1.146207499408563
confounder spread,moderate,1,NA,NA,50,0.3105120912906649,0.3424118294215888,boot.smd,0.5,1.1027326762005643
high p,bad,1,NA,500,NA,0.34060849282960365,0.414279215782981,boot.inf,0.5,1.2162915033073842
high p,bad,3,NA,500,NA,0.40966444296205645,0.4325523039608859,boot.inf,0.5,1.0558697768186567
high p,bad,10,NA,500,NA,0.8724520550528153,0.6684971617042426,boot.inf,0.5,0.7662279638550155
high p,bad,1,NA,1000,NA,0.3411651538537603,0.41869639548389176,cv.bloss,0.75,1.2272542806741777
high p,bad,3,NA,1000,NA,0.4027895314076894,0.48837804969052867,boot.inf,0.5,1.2124894308541738
high p,bad,10,NA,1000,NA,0.8071227077749473,0.7516479400805233,boot.inf,0.5,0.9312684835155297
high p,bad,1,NA,2000,NA,0.36764454533155444,0.4392645608543992,cv.bloss,0.75,1.1948077740640906
high p,moderate,1,NA,500,NA,0.2137509690168139,0.2761172044435467,boot.inf,0.5,1.2917705389294727
high p,moderate,3,NA,500,NA,0.2863610708063271,0.313803186810251,boot.inf,0.5,1.095830469995985
high p,moderate,10,NA,500,NA,0.6789722822949412,0.6027900137063121,cv.bloss,0.5,0.8877976751405354
high p,moderate,1,NA,1000,NA,0.2469791273706499,0.3232272309494689,boot.inf,0.5,1.3087228641163304
high p,moderate,3,NA,1000,NA,0.2864910099148053,0.36217725769393105,boot.inf,0.5,1.2641836747395068
high p,moderate,10,NA,1000,NA,0.6195499446328238,0.6277414961348677,cv.bloss,0.5,1.0132217774741288
high p,moderate,1,NA,2000,NA,0.2540586476822831,0.341993311302905,cv.bloss,0.75,1.3461195453208503
