family,alpha,file,overlap,p,sigma_y,n_ok,lam_min,lam_floor,rmse_min,rmse_floor,gain_floor,cv.bloss_vs_min,cv.smd_vs_min,cv.inf_vs_min,boot.smd_vs_min,boot.inf_vs_min,best,rmse_best,best_vs_floor,z_best,z_bootinf,z_cvbloss,s_y,dense,n,mcse_rel
dim,0.25,dim_01_r200.rds,good,100,1,200,0.01513642876123941,0.01513642876123941,0.07788208946899451,0.07788208946899451,0,2.529736417381393,5.065824342253362,4.460367706969077,1.1970834572787161,1.2045683371992082,boot.smd,0.09323136092163424,0.19708345727871612,5.476702602235369,5.472635727771622,17.42778827665611,NA,NA,NA,0.05
dim,0.25,dim_02_r200.rds,moderate,100,1,200,0.02148257185026497,0.02148257185026497,0.15883674211411422,0.15883674211411422,0,2.01285124193414,4.471010895752024,3.4437189291071837,1.6874875984385156,1.337614262839431,boot.inf,0.2124622917147877,0.33761426283943097,19.471184325382335,19.471184325382335,35.28283275543782,NA,NA,NA,0.05
dim,0.25,dim_03_r200.rds,bad,100,1,200,0.04084102588986987,0.0244835517878451,0.3457637738577145,0.3469438011343577,0.003412813504079848,1.3071691168836002,2.536449323401141,1.9501996809221354,2.150289934466572,1.0673695111259114,boot.inf,0.3690577102675589,0.06373916772946564,10.459994300686082,10.459994300686082,29.776487933826946,NA,NA,NA,0.05
dim,0.25,dim_04_r200.rds,awful,100,1,200,0.04762860887998019,0.026016066519511393,0.49621918077267596,0.4981764223863379,0.003944308663389906,1.1203479874225017,1.9526726990112129,1.501016686643569,1.7082094770273535,1.019064905570954,boot.inf,0.5056795525966031,0.015061190921730416,4.100291214652151,4.100291214652151,18.29452937003482,NA,NA,NA,0.05
dim,0.25,dim_05_r200.rds,good,500,1,200,0.0889182773101156,0.015181485617395896,0.16797778100549624,0.1943946099046557,0.15726382823389673,1.5258865786360016,3.480537640910514,2.636580805361689,1.7487067598167114,1.0670186222763764,boot.inf,0.17923542046152746,-0.07798153174392719,-8.412899744497066,-8.412899744497066,24.6255557298544,NA,NA,NA,0.05
dima,0.5,dima_01_r200.rds,moderate,100,1,200,0.03012990288673113,0.010335970645258237,0.14856264540664912,0.15639257682362223,0.052704577220880955,1.8838234404235303,4.804793030685039,3.6361488879572788,2.94553992509422,1.2205131949274826,boot.inf,0.18132266899214802,0.1594071321981072,8.985906409080963,8.985906409080963,25.62447024606002,NA,NA,NA,0.05
dima,0.5,dima_02_r200.rds,bad,100,1,200,0.06828257126126233,0.012213358892928768,0.29875435393911853,0.32651195285576723,0.09291111091992743,1.305321110712668,2.9372698864228868,2.235467067723367,2.474257287785971,1.0767997814400183,boot.inf,0.3216986230258967,-0.014741665007273919,-1.5269754591194717,-1.5269754591194717,13.715140053681862,NA,NA,NA,0.05
dima,0.75,dima_03_r200.rds,moderate,100,1,200,0.03025607062386052,0.007154015865836993,0.11672606106181933,0.13501299650422086,0.15666540339022128,2.191363512018804,6.182543933617482,4.704465622085403,4.3393510423118045,1.3387683300994804,boot.inf,0.15626915384682186,0.15743786074651323,4.811603530384043,4.811603530384043,21.299864565081048,NA,NA,NA,0.05
dima,0.75,dima_04_r200.rds,bad,100,1,200,0.07708385269158953,0.007889771451733665,0.2700059017445606,0.3354026006337595,0.24220470169969666,1.3905937565098356,3.339369262990786,2.5202460665808175,2.790673052086035,1.2893314182799784,boot.inf,0.34812709224027877,0.03793796345787337,3.2851551572803546,3.2851551572803546,7.698896511330469,NA,NA,NA,0.05
dima,0.5,dima_05_r200.rds,moderate,500,1,200,0.10987891667657945,0.012342962782039188,0.26210774664933606,0.4020248090133254,0.533815059465522,1.262215516294333,3.4481900826444574,2.402348584401933,3.259368683055599,1.0450288968954846,boot.inf,0.2739101693487168,-0.31867346689134834,-41.547288760150586,-41.547288760150586,-20.460370725448417,NA,NA,NA,0.05
dima,0.5,dima_06_r200.rds,bad,500,1,200,0.15071642496266746,0.018581025309558942,0.41626282297277184,0.5773119845088484,0.3868929739771907,1.0912278253024665,2.5492169234084074,1.8114840961184786,2.440623682736762,1.0202535016668925,boot.inf,0.4246936027517163,-0.26436032137280685,-54.95162073487063,-54.95162073487063,-38.78954943567927,NA,NA,NA,0.05
dima,0.75,dima_07_r200.rds,moderate,500,1,200,0.08546913146439866,0.018413766175379608,0.22986798424040064,0.3779171925270406,0.6440618895922761,1.3536500085491359,3.9814522726867767,2.7980865367650134,3.768369334992593,1.36981525567654,cv.bloss,0.31116079883219094,-0.1766429128256003,-19.275621809941075,-32.0666436003632,-19.275621809941075,NA,NA,NA,0.05
dima,0.75,dima_08_r200.rds,bad,500,1,200,0.12237783330881158,0.028936109120116942,0.3488337507693497,0.5216855805817322,0.4955134915447812,1.1890019465229758,3.0311960923971646,2.132488109518379,2.9336864045194884,1.19958730154067,cv.bloss,0.4147640086776674,-0.20495404872957468,-27.136210964682974,-48.08969517166405,-27.136210964682974,NA,NA,NA,0.05
dimhi,0.5,dimhi_01_r200.rds,moderate,1000,1,200,0.14330465894649377,0.02813128708521245,0.30397123198770504,0.501894281845459,0.651124280950901,1.1566739773498418,3.051797679082227,2.1935010415848417,2.978349412493637,1.0671925634235464,boot.inf,0.32439583827197244,-0.3536570349453415,-59.9044522311771,-59.9044522311771,-45.39844038831296,NA,NA,NA,0.05
dimhi,0.5,dimhi_02_r200.rds,bad,1000,1,200,0.18083234049430771,0.03388467902348552,0.4455575307016365,0.6547506931463134,0.46950875707397977,1.0550391907293906,2.39365594576796,1.7290823892030842,2.355649776225364,1.0134270033035717,boot.inf,0.4515400331382986,-0.3103634133344926,-77.97640757860627,-77.97640757860627,-65.19831213993507,NA,NA,NA,0.05
dimhi,0.75,dimhi_03_r200.rds,moderate,1000,1,200,0.10306683638049952,0.0370403004869355,0.26006855867404816,0.4364330302386807,0.6781460721888934,1.262287779611323,3.5902818520829913,2.588266925104383,3.5188152466575886,1.3242486215002818,cv.bloss,0.32828136347538134,-0.24780816132122796,-29.462649153835006,-37.6952971677852,-29.462649153835006,NA,NA,NA,0.05
dimhi,0.75,dimhi_04_r200.rds,bad,1000,1,200,0.14185067099687815,0.044338489062385356,0.3708385946763651,0.5687313709655266,0.5336358705109017,1.1290529127619326,2.868265624577154,2.061621585790793,2.824013331357667,1.173024170353373,cv.bloss,0.4186963954838917,-0.2638063998947743,-42.833733536582876,-58.741674775709996,-42.833733536582876,NA,NA,NA,0.05
dimhi,1,dimhi_05_r200.rds,moderate,1000,1,200,0.10159920764184988,0.10159920764184988,0.24697912737064992,0.24697912737064992,0,1.2664881468181899,3.818981013203824,2.7397612252340764,3.73312074790207,1.4830914984310137,cv.bloss,0.3127961373264281,0.2664881468181899,26.73802104178237,23.415054358563033,26.73802104178237,NA,NA,NA,0.05
dimhi,1,dimhi_06_r200.rds,bad,1000,1,200,0.14874819123025904,0.14874819123025904,0.34116515385376023,0.34116515385376023,0,1.1745354735209328,3.1364610047192096,2.272930555755201,3.095490614867873,1.4641544930974455,cv.bloss,0.4007105755304682,0.1745354735209328,18.328741625025764,47.216190641480736,18.328741625025764,NA,NA,NA,0.05
dimhi,0.5,dimhi_07_r200.rds,moderate,2000,1,200,0.16345649784010205,0.046552996877750975,0.3348341747985199,0.5754357155733846,0.7185692467611531,1.1057365691737884,2.789606472272517,2.077466021205148,2.759054416408467,1.0635335839669293,boot.inf,0.35610738995807917,-0.38115174237448723,-72.95008254047552,-72.95008254047552,-67.1035708070498,NA,NA,NA,0.05
dimhi,0.5,dimhi_08_r200.rds,bad,2000,1,200,0.20642734351726189,0.053568395432222506,0.4677609342048591,0.7143689439174394,0.5272095031445629,1.032391425613171,2.283536025867374,1.694026685745023,2.2675365633607347,1.0141730779675784,boot.inf,0.4743905463955319,-0.335930613396937,-85.93704635104582,-85.93704635104582,-80.43210131259364,NA,NA,NA,0.05
dimhi,0.75,dimhi_09_r200.rds,moderate,2000,1,200,0.11999576916998334,0.054416623467531566,0.2862528966960877,0.4748926609751889,0.6589968746390658,1.1947243687318785,3.295404761127624,2.4798673824625386,3.2629040327610066,1.2907450194404368,cv.bloss,0.34199331130290506,-0.2798513445109384,-42.898343714622776,-46.23290988503789,-42.898343714622776,NA,NA,NA,0.05
dimhi,0.75,dimhi_10_r200.rds,bad,2000,1,200,0.15817671896073057,0.062388157338688056,0.3994576167731098,0.6042794167307218,0.5127497670771664,1.099652484793899,2.6871663399422085,2.0089699655268776,2.674935187814601,1.1523654017458613,cv.bloss,0.4392645608543993,-0.2730770754514318,-57.66640840382109,-65.72248601511991,-57.66640840382109,NA,NA,NA,0.05
dimhi,1,dimhi_11_r200.rds,moderate,2000,1,200,0.10933963169670138,0.10933963169670138,0.2540586476822831,0.2540586476822831,0,1.2518965688772659,3.674261740472184,2.768729817976419,3.631647770758949,1.5458173962654997,cv.bloss,0.3180551493270483,0.25189656887726586,26.8184607643948,34.69993791010063,26.8184607643948,NA,NA,NA,0.05
dimhi,1,dimhi_12_r200.rds,bad,2000,1,200,0.16011475031068415,0.16011475031068415,0.36764454533155444,0.36764454533155444,0,1.1419023869676688,2.9073560812811614,2.196296264517651,2.885485652353817,1.4066449251205924,cv.bloss,0.41981418386974534,0.14190238696766877,17.425844951480645,49.15247068045762,17.425844951480645,NA,NA,NA,0.05
dimsnr,0.5,dimsnr_01_r200.rds,moderate,500,1,200,0.11209920306244224,0.012592372887772539,0.26286144532863603,0.40417751205950453,0.537606671660013,1.250156849565602,3.4571925988215564,2.3951867401232922,3.251043283884516,1.0504286929501512,boot.inf,0.27611720444354676,-0.3168417435285322,-44.20380272750386,-44.20380272750386,-23.576386789574542,NA,NA,NA,0.05
dimsnr,0.5,dimsnr_01_r200.rds,moderate,500,3,200,0.1174368910033819,0.012592372887772539,0.3004141369023121,0.4286389118666548,0.4268267009219959,1.1796153640858327,3.057148838887891,2.132867181416093,2.8791970824254856,1.0445686412963069,boot.inf,0.3138031868102509,-0.26790784008925483,-18.446460137112812,-18.446460137112812,-10.496836288008321,NA,NA,NA,0.05
dimsnr,0.5,dimsnr_01_r200.rds,moderate,500,10,200,0.14818854923849148,0.012592372887772539,0.591233628218994,0.6674753958050939,0.1289537061952435,1.0195462249367144,1.7071818129415086,1.2901884739148837,1.6274402584048393,1.0458702086926057,cv.bloss,0.6027900137063121,-0.09691051161632658,-3.054051339399198,-2.843685385006841,-3.054051339399198,NA,NA,NA,0.05
dimsnr,0.5,dimsnr_02_r200.rds,bad,500,1,200,0.15265878743018416,0.01882048883304821,0.40836501945057785,0.5664322706618198,0.38707343597624666,1.0858966303820408,2.565357918654573,1.8206558055107982,2.478241475347962,1.0144826222881682,boot.inf,0.414279215782981,-0.26861650149463245,-55.55006049987239,-55.55006049987239,-37.4690568797534,NA,NA,NA,0.05
dimsnr,0.5,dimsnr_02_r200.rds,bad,500,3,200,0.15265878743018416,0.01882048883304821,0.4281127473098947,0.5741777153284786,0.3411834123987274,1.0705752643593274,2.4484109230961915,1.7386100771171615,2.3654884614400125,1.010370064145223,boot.inf,0.4325523039608859,-0.24665779877327854,-21.016520357715336,-21.016520357715336,-14.015621593389097,NA,NA,NA,0.05
dimsnr,0.5,dimsnr_02_r200.rds,bad,500,10,200,0.17552050875679015,0.01882048883304821,0.6706205807900136,0.7344317923157402,0.09515248018567335,1.0090198718982932,1.6505842707980447,1.2323690374685872,1.6010460965297901,0.9968336505818688,boot.inf,0.6684971617042423,-0.08977638400374677,-3.3110676988062364,-3.3110676988062364,-2.3363760999972305,NA,NA,NA,0.05
dimsnr,1,dimsnr_03_r200.rds,moderate,500,1,200,0.08762325753536421,0.08762325753536421,0.2137509690168138,0.2137509690168138,0,1.3696784374454598,4.276156695165902,2.9802063712781157,4.051083333371353,1.4626898767142,cv.bloss,0.29277009324540243,0.3696784374454598,24.054708774276374,16.4844008727604,24.054708774276374,NA,NA,NA,0.05
dimsnr,1,dimsnr_03_r200.rds,moderate,500,3,200,0.08762325753536421,0.08762325753536421,0.28636107080632717,0.28636107080632717,0,1.196481548025061,3.237196364467718,2.289062637330645,3.071445071672226,1.2445763407193497,cv.bloss,0.3426257372924684,0.19648154802506101,11.21930800786702,10.834763764361666,11.21930800786702,NA,NA,NA,0.05
dimsnr,1,dimsnr_03_r200.rds,moderate,500,10,200,0.115832789698634,0.08762325753536421,0.653074575426547,0.6789722822949411,0.03965505294931959,1.0043107953872912,1.5749694364097837,1.228894499596254,1.5107749227157627,0.99959671495984,boot.inf,0.6528112002201687,-0.03853041244385913,-1.6604163056420036,-1.6604163056420036,-1.5693970704316587,NA,NA,NA,0.05
dimsnr,1,dimsnr_04_r200.rds,bad,500,1,200,0.14678561385442374,0.14678561385442374,0.34060849282960365,0.34060849282960365,0,1.1667850520002792,3.0986917220149746,2.1922179064848852,3.0098704666199994,1.4307261623077836,cv.bloss,0.3974168980179258,0.16678505200027915,15.104806756837224,41.250564718873655,15.104806756837224,NA,NA,NA,0.05
dimsnr,1,dimsnr_04_r200.rds,bad,500,3,200,0.14678561385442374,0.14678561385442374,0.40966444296205656,0.40966444296205656,0,1.100300530656384,2.5839574440067525,1.8470531132430585,2.5112746793676024,1.2698521273048335,cv.bloss,0.4507540039822028,0.100300530656384,9.696881988367963,20.19413167515644,9.696881988367963,NA,NA,NA,0.05
dimsnr,1,dimsnr_04_r200.rds,bad,500,10,200,0.2337242072504087,0.14678561385442374,0.8080168747027107,0.8724520550528153,0.07974484490043832,1.0509584653359723,1.404152491953568,1.1063196209690953,1.3722152216404133,1.0030747115572685,boot.inf,0.810501293525827,-0.07100764009689675,-3.447629103718367,-3.447629103718367,-2.387404062349023,NA,NA,NA,0.05
dimsnr,0.5,dimsnr_05_r200.rds,moderate,1000,1,200,0.13970460053969475,0.0287304230542814,0.30354616132092105,0.49793542458471973,0.6403944046529471,1.1484735441738314,3.059362863587632,2.1702989086996314,2.985129564669647,1.0648371553865252,boot.inf,0.32322723094946887,-0.35086516244743626,-56.61325680953599,-56.61325680953599,-45.49022905168863,NA,NA,NA,0.05
dimsnr,0.5,dimsnr_05_r200.rds,moderate,1000,3,200,0.14635674026257173,0.0287304230542814,0.3437883065879289,0.5164440573946945,0.5022153095326594,1.0979175085158377,2.714812650195742,1.9451637197637968,2.649794579383439,1.0534891697990283,boot.inf,0.36217725769393105,-0.29870960366741983,-26.4577654194217,-26.4577654194217,-21.072595481262375,NA,NA,NA,0.05
dimsnr,0.5,dimsnr_05_r200.rds,moderate,1000,10,200,0.2026874549512685,0.0287304230542814,0.6282121899322015,0.7132447235289825,0.13535638906649994,0.999250740745122,1.6106561134863486,1.258884311205947,1.5784309902269258,1.0436635025793801,cv.bloss,0.6277414961348676,-0.119879228788491,-4.663928533129766,-3.982730405942914,-4.663928533129766,NA,NA,NA,0.05
dimsnr,0.5,dimsnr_06_r200.rds,bad,1000,1,200,0.17819449304819698,0.033390394573148505,0.4503100066804621,0.6597569782847943,0.4651172936357926,1.0555445001038537,2.3764476106483836,1.7267445728499198,2.3415408780480576,1.0149859306199982,boot.inf,0.45705832119806644,-0.3072323048612452,-78.90330538274952,-78.90330538274952,-63.396782578307445,NA,NA,NA,0.05
dimsnr,0.5,dimsnr_06_r200.rds,bad,1000,3,200,0.17819449304819698,0.033390394573148505,0.48308682940611475,0.675538416461289,0.39837887381812,1.0489586012608758,2.2311319139823076,1.6350983806106227,2.198629480855317,1.0109529384001603,boot.inf,0.48837804969052867,-0.27705362450173154,-28.60657601646703,-28.60657601646703,-21.879682255877277,NA,NA,NA,0.05
dimsnr,0.5,dimsnr_06_r200.rds,bad,1000,10,200,0.1549844826006508,0.033390394573148505,0.7473541538544192,0.8424105179022953,0.12719052079610527,1.0203643422482034,1.5518024336184637,1.2203344691830722,1.5322033938586608,1.005745316599847,boot.inf,0.7516479400805235,-0.10774150594389731,-4.098817726120025,-4.098817726120025,-2.9345236435896656,NA,NA,NA,0.05
dimsnr,1,dimsnr_07_r200.rds,moderate,1000,1,200,0.0981969801243287,0.0981969801243287,0.23381314425797387,0.23381314425797387,0,1.3274066726162497,4.0032950532632485,2.905143227031986,3.9190317195390265,1.5196267464507798,cv.bloss,0.3103651278334203,0.32740667261624967,27.60528564691781,21.901332882124255,27.60528564691781,NA,NA,NA,0.05
dimsnr,1,dimsnr_07_r200.rds,moderate,1000,3,200,0.0981969801243287,0.0981969801243287,0.2864910099148053,0.2864910099148053,0,1.2184496192790841,3.3115458158638162,2.428549518867047,3.243826634024297,1.3498916888353747,cv.bloss,0.3490748619575748,0.21844961927908413,15.806759745466138,16.02908074537649,15.806759745466138,NA,NA,NA,0.05
dimsnr,1,dimsnr_07_r200.rds,moderate,1000,10,200,0.10287270325462038,0.0981969801243287,0.6194981616424043,0.619549944632824,8.358861030743903e-5,1.0194756612577103,1.698190655329155,1.3479255124459149,1.670360950674242,1.026585113886438,cv.bloss,0.6315632979883261,0.01939045182648158,1.207255917696465,1.50158076601137,1.207255917696465,NA,NA,NA,0.05
dimsnr,1,dimsnr_08_r200.rds,bad,1000,1,200,0.15353887423590565,0.15353887423590565,0.35010665451325085,0.35010665451325085,0,1.1644877568054814,3.039369382646048,2.2255291022297854,3.0032638035131574,1.424551442911711,cv.bloss,0.4076949127568072,0.16448775680548144,14.814459206139135,36.52139564795578,14.814459206139135,NA,NA,NA,0.05
dimsnr,1,dimsnr_08_r200.rds,bad,1000,3,200,0.15353887423590565,0.15353887423590565,0.40278953140768947,0.40278953140768947,0,1.107894727158244,2.6534544782467497,1.9568469303930989,2.622507892160122,1.2944572601248887,cv.bloss,0.4462483980011191,0.107894727158244,8.536793206045079,18.821495783479868,8.536793206045079,NA,NA,NA,0.05
dimsnr,1,dimsnr_08_r200.rds,bad,1000,10,200,0.22275861735932068,0.15353887423590565,0.7763580800699272,0.8071227077749473,0.039626853245668725,1.01655969582398,1.4767565162418927,1.165969851347042,1.4616790972693647,0.9865466975728493,boot.inf,0.7659135000269844,-0.05105693019289126,-1.9561658336483592,-1.9561658336483592,-1.173990903004214,NA,NA,NA,0.05
tune,1,tune01_r500.rds,good,NA,1,500,0.0057744671095377766,0.0030108119367911563,0.07434128336114755,0.0746753545058176,0.0044937500345150205,2.2316275206764526,5.522882985826646,4.6244222702850735,1.0709810097312105,1.083639945822609,boot.smd,0.07961810271883583,0.06618981919440592,3.5534976661222655,3.9272867865591943,23.87247240695954,5,NA,NA,0.03162277660168379
tunea,0,tunea_01_r5.rds,good,NA,1,5,0.0657766616528282,0.0657766616528282,0.11403187859702732,0.11403187859702732,0,2.4228602567820414,4.281576424599152,3.6859053939088917,1.3797860753898101,1.2326641012832389,boot.inf,0.14056300314844408,0.2326641012832389,1.9952167230319275,1.9952167230319275,5.083304016179829,NA,FALSE,NA,0.31622776601683794
tunea,0,tunea_01_r50.rds,good,NA,1,50,0.0657766616528282,0.0657766616528282,0.08884607229590066,0.08884607229590066,0,2.9900828352945696,4.9523931930178495,4.356257052448517,1.4104974056552524,1.2371444800128104,boot.inf,0.10991542791169259,0.2371444800128104,5.252602548205316,5.252602548205316,16.101192252934467,NA,FALSE,NA,0.1
tunea,0,tunea_02_r5.rds,moderate,NA,1,5,0.09179016494415203,0.09179016494415203,0.29849796728340644,0.29849796728340644,0,1.6638832765758633,2.8605343345846426,2.324260134058246,1.654659974428531,1.0101644296062366,boot.inf,0.30153202885946334,0.010164429606236647,1.998568761300838,1.998568761300838,10.077939054802128,NA,FALSE,NA,0.31622776601683794
tunea,0,tunea_02_r50.rds,moderate,NA,1,50,0.09179016494415203,0.09179016494415203,0.23889501745971514,0.23889501745971514,0,1.8514185554324982,3.2045308512534407,2.5844258245455163,1.7939494403455827,1.0288969305044267,boot.inf,0.2457983501771023,0.028896930504426654,5.849559114178785,5.849559114178785,29.193493206225693,NA,FALSE,NA,0.1
tunea,0,tunea_03_r5.rds,bad,NA,1,5,0.1176838467481047,0.1176838467481047,0.38645107866338213,0.38645107866338213,0,1.371601877777191,2.305216157079164,1.8576575753788958,1.6087250589427584,0.9793175216865876,boot.inf,0.3784583126097319,-0.02068247831341241,-5.1728753613308225,-5.1728753613308225,7.844524274734443,NA,FALSE,NA,0.31622776601683794
tunea,0,tunea_03_r50.rds,bad,NA,1,50,0.1176838467481047,0.1176838467481047,0.4116929495851783,0.4116929495851783,0,1.3422124956076071,2.228199579860996,1.7691092984795698,1.564725365267289,0.9847007007702466,boot.inf,0.4053943359586949,-0.015299299229753371,-9.922998802062857,-9.922998802062857,24.597142053343322,NA,FALSE,NA,0.1
tunea,0,tunea_04_r5.rds,good,NA,1,5,0.09822389545346952,0.058883678329329205,0.07598044794752329,0.07994454767324158,0.052172629048675034,2.794820739994015,5.079241524885228,4.839923332734804,1.1626798682089314,1.0110733519841606,boot.inf,0.0768218061915604,-0.039061344051189106,-0.1704334889045264,-0.1704334889045264,2.26066670408784,NA,TRUE,NA,0.31622776601683794
tunea,0,tunea_04_r50.rds,good,NA,1,50,0.058883678329329205,0.058883678329329205,0.11127101612149398,0.11127101612149398,0,2.5322571294733924,4.196055392311199,3.7001151388472873,1.324453737862668,1.186270545428181,boot.inf,0.13199752898479258,0.186270545428181,5.497315237253372,5.497315237253372,13.126999701869424,NA,TRUE,NA,0.1
tunea,0,tunea_05_r5.rds,moderate,NA,1,5,0.09153633191445516,0.09153633191445516,0.22115307957093064,0.22115307957093064,0,2.0130809149114532,3.6215209793799494,2.947691601254336,1.8050540847616412,1.0579460733585861,boot.inf,0.23396803214322504,0.05794607335858615,2.694851823076846,2.694851823076846,9.721846959405012,NA,TRUE,NA,0.31622776601683794
tunea,0,tunea_05_r50.rds,moderate,NA,1,50,0.09153633191445516,0.09153633191445516,0.25622244598263644,0.25622244598263644,0,1.781522816177189,3.1793934201048804,2.494214322000696,1.7117043106030527,1.0236302213910644,boot.inf,0.2622770391065662,0.02363022139106441,5.378630083074353,5.378630083074353,21.15389719652087,NA,TRUE,NA,0.1
tunea,0,tunea_06_r5.rds,bad,NA,1,5,0.10694277786800264,0.10694277786800264,0.33444166647231915,0.33444166647231915,0,1.4936162030485047,2.5869475138409737,2.04712456149515,1.7663231249733367,0.998338826106488,boot.inf,0.3338861007070727,-0.0016611738935119469,-1.0943161782833586,-1.0943161782833586,9.418274431374655,NA,TRUE,NA,0.31622776601683794
tunea,0,tunea_06_r50.rds,bad,NA,1,50,0.10694277786800264,0.10694277786800264,0.3896693067853869,0.3896693067853869,0,1.3993953422108174,2.3599715335013265,1.8642841853023098,1.623740096213925,0.9973736519212353,boot.inf,0.38864589955015755,-0.0026263480787647175,-4.264134353388356,-4.264134353388356,26.526226872018377,NA,TRUE,NA,0.1
tunea,0.5,tunea_07_r5.rds,good,NA,1,5,0.006993082340614524,0.0066752359555427195,0.03195157409692639,0.03197095849888903,6.066806569164918e-4,5.137685856804998,12.884542397752577,10.131590303472793,1.5156518027750348,1.564027344220288,boot.smd,0.04842746088150658,0.5147328436583911,1.2293159125806374,1.1937701658875586,3.4651117457983385,NA,FALSE,NA,0.31622776601683794
tunea,0.5,tunea_07_r50.rds,good,NA,1,50,0.010628863353502457,0.0066752359555427195,0.08671189132758801,0.08693967975113305,0.0026269571572885564,2.067236946271523,4.671194770094577,3.9284266131905867,1.058149186597294,1.0701790664417048,boot.smd,0.09175411727660021,0.05537675707166856,1.0980008695971137,1.2272967546790388,7.010929302280672,NA,FALSE,NA,0.1
tunea,0.5,tunea_08_r5.rds,moderate,NA,1,5,0.018446407499071556,0.010075939143030016,0.13517556029441674,0.1383593259465401,0.023552820089585813,2.0672883041910954,5.078269110540028,3.7634435504058654,2.7237705030012296,1.2000999341300398,boot.inf,0.16222418100532074,0.17248461493662992,3.051418036777074,3.051418036777074,5.645239855742882,NA,FALSE,NA,0.31622776601683794
tunea,0.5,tunea_08_r50.rds,moderate,NA,1,50,0.025546178346641926,0.010075939143030016,0.1489201488358419,0.15422507769931584,0.03562264008560523,1.9764520964353647,4.88344215316372,3.7403090462326127,2.900878049024228,1.291906210913286,boot.inf,0.1923908652111551,0.24746810363907867,5.7017708374396205,5.7017708374396205,13.55214899222109,NA,FALSE,NA,0.1
tunea,0.5,tunea_09_r5.rds,bad,NA,1,5,0.07167856780392512,0.011150863796366912,0.3085856310331157,0.32864790721825676,0.0650136434349664,1.3172323428586699,2.9887441307697773,2.1136845231577497,2.5449937178185564,1.0678385639631935,boot.inf,0.32951963710207816,0.0026524735581001657,0.17747552714289272,0.17747552714289272,5.116021795148244,NA,FALSE,NA,0.31622776601683794
tunea,0.5,tunea_09_r50.rds,bad,NA,1,50,0.075091596768794025,0.011150863796366912,0.31069448136896965,0.3452557386926074,0.11123872291311798,1.2809752543916642,2.868801827524784,2.1856340869182613,2.4574318072439523,1.0456929221028206,boot.inf,0.3248910201039382,-0.05898444632892996,-2.755847384900827,-2.755847384900827,5.161330547379777,NA,FALSE,NA,0.1
tunea,0.5,tunea_10_r5.rds,good,NA,1,5,0.024120335777051957,0.006557326125426418,0.07045464545636264,0.07883897205117191,0.11900317630584412,2.212342928410191,5.303560457168043,3.944451232004549,0.975150854789297,1.0163726604206593,boot.smd,0.06870390774064888,-0.12855398855206623,-0.5698972865059768,-0.3607356605932285,1.245586990733993,NA,TRUE,NA,0.31622776601683794
tunea,0.5,tunea_10_r50.rds,good,NA,1,50,0.01200474795419905,0.006557326125426418,0.08576187686326955,0.08654031983195062,0.00907679492511737,2.1489379850770773,4.817074770609205,3.8829759319461474,1.096338387259624,1.1189169150894653,boot.smd,0.0940240377686354,0.08647666141305144,1.14795257886361,1.4363492733824441,4.844634952241883,NA,TRUE,NA,0.1
tunea,0.5,tunea_11_r5.rds,moderate,NA,1,5,0.029867667426585476,0.00933578414684953,0.1494968458300508,0.16612998997535824,0.11126083666150488,2.265153999459862,5.478595542703428,4.166248966252385,3.3019830021261813,1.290346587564069,boot.inf,0.19290274486839776,0.16115545963140465,0.9443299218617307,0.9443299218617307,4.647612316019778,NA,TRUE,NA,0.31622776601683794
tunea,0.5,tunea_11_r50.rds,moderate,NA,1,50,0.029867667426585476,0.00933578414684953,0.16195706918360317,0.16892893211013046,0.04304759873509201,1.929547099008836,4.769915823316853,3.634786004789592,2.820592940854448,1.2674466078761617,boot.inf,0.2052719379583227,0.21513784166053318,5.186454170032612,5.186454170032612,10.978012185856805,NA,TRUE,NA,0.1
tunea,0.5,tunea_12_r5.rds,bad,NA,1,5,0.06728804804778782,0.010467841111959088,0.3129391925175091,0.34172175212845846,0.09197492771487514,1.4502913862765159,2.9507651044836543,2.2274046082654664,2.6235046861805187,1.0853993556713344,boot.inf,0.33966399792281204,-0.006021724379058124,-0.08449642790314711,-0.08449642790314711,1.6448441407796621,NA,TRUE,NA,0.31622776601683794
tunea,0.5,tunea_12_r50.rds,bad,NA,1,50,0.0642297024158032,0.010467841111959088,0.33471173232710993,0.3576704459263893,0.06859249731001982,1.3465150145687974,2.888942844586896,2.2238918055991186,2.4758401724507615,1.0895827450383964,boot.inf,0.3646961281055294,0.019642892666021483,0.8424718270633847,0.8424718270633847,6.130994203306956,NA,TRUE,NA,0.1
tunea,1,tunea_13_r5.rds,good,NA,1,5,0.0035188850478166814,0.0035188850478166814,0.0859492868864746,0.0859492868864746,0,2.2350207514793587,5.477894314082112,3.916635511568447,1.225031924427715,1.2271072987152338,boot.smd,0.10529062031772775,0.22503192442771502,2.4855497176443704,2.3597131674546374,6.675602518390823,NA,FALSE,NA,0.31622776601683794
tunea,1,tunea_13_r50.rds,good,NA,1,50,0.0035188850478166814,0.0035188850478166814,0.07214578580989385,0.07214578580989385,0,2.6302789547325505,5.8469576549546405,4.929220392067327,1.2037323906925679,1.2273122353933887,boot.smd,0.08684421923133746,0.20373239069256788,5.322161448692055,5.22347745749833,13.054292831908676,NA,FALSE,NA,0.1
tunea,1,tunea_14_r5.rds,moderate,NA,1,5,0.04009622293392259,0.020906203869495547,0.0689503288053233,0.08125694898018239,0.17848530076783264,2.7574652755972693,10.625131922179804,7.868054510592826,7.103262058905909,2.405476703964355,boot.inf,0.1658584096718876,1.041159700844029,1.389015271829107,1.389015271829107,1.7382980550165588,NA,FALSE,NA,0.31622776601683794
tunea,1,tunea_14_r50.rds,moderate,NA,1,50,0.020906203869495547,0.020906203869495547,0.10674571508364926,0.10674571508364926,0,2.1916598089748747,6.783980564874852,5.241883945858442,4.908404408881401,1.57786864778617,boot.inf,0.16843071711600544,0.5778686477861701,4.620487535459684,4.620487535459684,11.522629400896088,NA,FALSE,NA,0.1
tunea,1,tunea_15_r5.rds,bad,NA,1,5,0.07876747413450519,0.06850793206720796,0.3058924859954954,0.3058924859954954,0,1.3305168590967187,3.015010207008071,2.4117333379529033,2.5864728487015065,1.5447207905404559,cv.bloss,0.40699510968801356,0.3305168590967187,3.6556619589241697,7.346857256283296,3.6556619589241697,NA,FALSE,NA,0.31622776601683794
tunea,1,tunea_15_r50.rds,bad,NA,1,50,0.06850793206720796,0.06850793206720796,0.24103365199429405,0.24103365199429405,0,1.569909992992334,3.7994140279478885,2.866327250026239,3.072141177191883,1.82557009677509,cv.bloss,0.3784011389132788,0.5699099929923339,10.648628492580196,15.140257377812683,10.648628492580196,NA,FALSE,NA,0.1
tunea,1,tunea_16_r5.rds,good,NA,1,5,0.005406038249940488,0.0032408347874610926,0.08742410942259211,0.08787242825216551,0.005128091467381246,2.4010734507685947,5.091372250971504,3.9589982405098367,1.0369102852759156,1.0551114579874326,boot.smd,0.09065095824137284,0.03162004333411428,0.18509870934408598,0.2846354687383813,2.8712561883762313,NA,TRUE,NA,0.31622776601683794
tunea,1,tunea_16_r50.rds,good,NA,1,50,0.0032408347874610926,0.0032408347874610926,0.08260322437284293,0.08260322437284293,0,2.465360460319496,5.519926844565629,4.725206158053629,1.0910345298981277,1.1118771559853624,boot.smd,0.09012297007169424,0.09103452989812766,1.7854403095627593,2.059565977755194,5.772769816118487,NA,TRUE,NA,0.1
tunea,1,tunea_17_r5.rds,moderate,NA,1,5,0.03388366973728985,0.03388366973728985,0.18638427767609433,0.18638427767609433,0,1.841938448278841,4.3524766840224665,3.5025629084121914,3.2816294389080314,1.1322087806926109,boot.inf,0.2110259157679238,0.13220878069261088,2.1919429643583195,2.1919429643583195,2.2223344584396263,NA,TRUE,NA,0.31622776601683794
tunea,1,tunea_17_r50.rds,moderate,NA,1,50,0.03388366973728985,0.03388366973728985,0.1752722013843251,0.1752722013843251,0,1.7491168343134138,4.492603456457253,3.4471056623760234,3.217962583371985,1.1882872602212275,boot.inf,0.2082737239759229,0.18828726022122755,4.904075444315785,4.904075444315785,7.361463355169507,NA,TRUE,NA,0.1
tunea,1,tunea_18_r5.rds,bad,NA,1,5,0.07945994722747575,0.07945994722747575,0.3068395518764914,0.3068395518764914,0,1.6204528921521772,3.3721284975701495,2.7794796288014565,2.8791378837978296,1.7457525145436377,cv.bloss,0.49721903926493854,0.6204528921521772,4.596748024192226,5.913033735186275,4.596748024192226,NA,TRUE,NA,0.31622776601683794
tunea,1,tunea_18_r50.rds,bad,NA,1,50,0.07945994722747575,0.07945994722747575,0.2608376061138685,0.2608376061138685,0,1.6857192863174724,3.7540808366210388,2.8962987472704955,3.149605636422373,1.902286652959701,cv.bloss,0.4396989832230284,0.6857192863174724,10.48021885835828,12.967733692594013,10.48021885835828,NA,TRUE,NA,0.1
tunea2,0,tunea2_01_r500.rds,good,NA,1,500,0.06024399958386701,0.06024399958386701,0.09746911987238668,0.09746911987238668,0,2.842369930697914,4.6782955006748725,4.07526092774885,1.4480124687496356,1.2444252341699926,boot.inf,0.12129303232153789,0.24442523416999262,24.077398924827566,24.077398924827566,52.158207330310304,NA,FALSE,NA,0.03162277660168379
tunea2,0,tunea2_02_r500.rds,moderate,NA,1,500,0.10080204404031048,0.10080204404031048,0.23455714774226197,0.23455714774226197,0,1.8235463515905597,3.206879542432066,2.5507698871790696,1.7395132224964829,1.0138238974924172,boot.inf,0.23779964170876478,0.013823897492417192,9.577277890771224,9.577277890771224,82.89063821148662,NA,FALSE,NA,0.03162277660168379
tunea2,0,tunea2_03_r500.rds,bad,NA,1,500,0.10960981258316786,0.10960981258316786,0.40887718758153707,0.40887718758153707,0,1.3632881285719833,2.236797878732555,1.7813234461084988,1.5753860256005363,0.9955265772290248,boot.inf,0.40704810706007755,-0.004473422770975177,-14.962774121337985,-14.962774121337985,79.26770873330729,NA,FALSE,NA,0.03162277660168379
tunea2,0,tunea2_04_r500.rds,good,NA,1,500,0.06733644193051586,0.06733644193051586,0.10837427781176126,0.10837427781176126,0,2.6421488672942877,4.424194417755589,3.7811994508887823,1.3692901549525014,1.2047825587615697,boot.inf,0.13056743972599094,0.2047825587615697,18.41990953627142,18.41990953627142,41.94166006990273,NA,TRUE,NA,0.03162277660168379
tunea2,0,tunea2_05_r500.rds,moderate,NA,1,500,0.1002516809890882,0.1002516809890882,0.2458756389044316,0.2458756389044316,0,1.8175656473661135,3.215359772077716,2.53737661867661,1.7377415357913832,1.0168758505381978,boot.inf,0.2500249994375667,0.016875850538197845,10.638676702034598,10.638676702034598,71.41300334297318,NA,TRUE,NA,0.03162277660168379
tunea2,0,tunea2_06_r500.rds,bad,NA,1,500,0.11077175936195782,0.11077175936195782,0.416989001888621,0.416989001888621,0,1.3649561531873597,2.2969180220140997,1.8089145143846934,1.5834387076693346,0.993632985964205,boot.inf,0.414334027060824,-0.006367014035794982,-18.76855220414775,-18.76855220414775,68.11684560145287,NA,TRUE,NA,0.03162277660168379
tunea2,0.5,tunea2_07_r500.rds,good,NA,1,500,0.006514326958251159,0.006514326958251159,0.0724291759987222,0.0724291759987222,0,2.503300419929158,5.604465743926714,4.692287661963308,1.1468976145077723,1.1615321634212243,boot.smd,0.08306884917369808,0.14689761450777228,7.198403442387095,7.668099796651095,30.617492891958115,NA,FALSE,NA,0.03162277660168379
tunea2,0.5,tunea2_08_r500.rds,moderate,NA,1,500,0.028740587918414755,0.00941124681088588,0.1475858805050249,0.1544049056260186,0.04620377706634016,1.8987212029202838,4.8423109924019165,3.6831317621101087,2.9291787594374012,1.2429415760701261,boot.inf,0.18344062692061297,0.18804921499658356,14.454912731530792,14.454912731530792,38.91441619056076,NA,FALSE,NA,0.03162277660168379
tunea2,0.5,tunea2_09_r500.rds,bad,NA,1,500,0.06916800476209736,0.011272661349007286,0.3044265672435573,0.33241893548320883,0.09195113453175119,1.302727447523457,2.9208327437819976,2.215504037977739,2.473799793385764,1.0734458725532228,boot.inf,0.32678544210314275,-0.01694696895613712,-2.7628090703076196,-2.7628090703076196,22.84592936909601,NA,FALSE,NA,0.03162277660168379
tunea2,0.5,tunea2_10_r500.rds,good,NA,1,500,0.011661639334753955,0.006673218778420244,0.09374015372916045,0.09406077633190803,0.003420333656310559,2.066943449835595,4.473669945287803,3.8308681747888325,1.0511261722045397,1.0599489078530056,boot.smd,0.09853272897119754,0.04754322485612428,2.6401292823105496,2.9249191729244544,17.82959502165786,NA,TRUE,NA,0.03162277660168379
tunea2,0.5,tunea2_11_r500.rds,moderate,NA,1,500,0.026908396012571355,0.010130838365108159,0.1541514399852632,0.16014906956210836,0.038907385992751786,2.00351271018742,4.895016226882015,3.7812108151965274,3.0828386838551642,1.2840620126533557,boot.inf,0.19794000828089003,0.2359735140648178,13.959793291461091,13.959793291461091,27.61131918947998,NA,TRUE,NA,0.03162277660168379
tunea2,0.5,tunea2_12_r500.rds,bad,NA,1,500,0.06536365870394403,0.011159881573654952,0.32223865905898347,0.3471529401797525,0.077316238819777,1.3384690117123041,2.912239273115204,2.246269402518787,2.4767519408560523,1.0838796172449894,boot.inf,0.34926791444238964,0.006092341495198106,0.6828746794809574,0.6828746794809574,16.94372114880128,NA,TRUE,NA,0.03162277660168379
tunea3,0,tunea3_01_r500.rds,good,NA,1,500,0.057746552490329346,0.057746552490329346,0.09529712212926594,0.09529712212926594,0,2.875794818943697,4.713274112569225,4.111081444248503,1.4385331326045117,1.2495360547624104,boot.inf,0.11907719001561455,0.24953605476241036,21.898469464659048,21.898469464659048,51.12656816198436,NA,FALSE,NA,0.03162277660168379
tunea3,0,tunea3_02_r500.rds,moderate,NA,1,500,0.10235379944501785,0.10235379944501785,0.2334516877045147,0.2334516877045147,0,1.8338063322526512,3.205630914933134,2.5687094191740583,1.7435005742383363,1.0109332284020511,boot.inf,0.23600406832703247,0.010933228402051132,7.043687280396831,7.043687280396831,82.53737235084088,NA,FALSE,NA,0.03162277660168379
tunea3,0,tunea3_03_r500.rds,bad,NA,1,500,0.10685973102803216,0.10685973102803216,0.39763052266008614,0.39763052266008614,0,1.388708701467571,2.2892150482704983,1.8225180143420283,1.6010387677475608,0.9976738431122545,boot.inf,0.39670557168102255,-0.002326156887745512,-9.456609962503626,-9.456609962503626,75.60892970680729,NA,FALSE,NA,0.03162277660168379
tunea3,0,tunea3_04_r500.rds,awful,NA,1,500,0.11675330804528528,0.11675330804528528,0.5504315012418219,0.5504315012418219,0,1.1643967648477658,1.8088646408099918,1.4556326645525768,1.3855231180200096,0.9964541853695987,boot.inf,0.548479773171685,-0.003545814630401267,-18.35080367567885,-18.35080367567885,64.69159116554174,NA,FALSE,NA,0.03162277660168379
tunea3,0,tunea3_05_r500.rds,good,NA,1,500,0.06257238001601867,0.06257238001601867,0.11308584824576946,0.11308584824576946,0,2.5455108854733144,4.19739664973045,3.621128085915122,1.3426930549459897,1.188177862900059,boot.inf,0.13436610149289874,0.188177862900059,17.67141278187248,17.67141278187248,39.53261291590557,NA,TRUE,NA,0.03162277660168379
tunea3,0,tunea3_06_r500.rds,moderate,NA,1,500,0.0956921330130964,0.0956921330130964,0.23696797515267903,0.23696797515267903,0,1.8574290554250745,3.297929533767402,2.597061352952784,1.7599348455888568,1.0272946119955577,boot.inf,0.24343592408984438,0.027294611995557716,16.77534099463761,16.77534099463761,66.97089350896194,NA,TRUE,NA,0.03162277660168379
tunea3,0,tunea3_07_r500.rds,bad,NA,1,500,0.10887396125084974,0.10887396125084974,0.41149631670271386,0.41149631670271386,0,1.3789325353422033,2.3180145543024047,1.8199869917318905,1.5925111907211398,0.9962398088859747,boot.inf,0.4099490119091942,-0.0037601911140252575,-13.735118434093673,-13.735118434093673,68.6991179824136,NA,TRUE,NA,0.03162277660168379
tunea3,0,tunea3_08_r500.rds,awful,NA,1,500,0.11287070646601387,0.11287070646601387,0.5588860105412482,0.5588860105412482,0,1.1719877714831084,1.861356122593605,1.476045901633933,1.4025113629914587,0.9988004036940324,boot.inf,0.558215572947546,-0.001199596305967554,-10.50387987710456,-10.50387987710456,62.9520658406116,NA,TRUE,NA,0.03162277660168379
tunea3,0.5,tunea3_09_r500.rds,good,NA,1,500,0.008366800290197521,0.0066305461439241315,0.07262661953876431,0.07265242029579143,3.5525207136122283e-4,2.450963644094375,5.486911856263179,4.664560680635365,1.1131185905039132,1.1286049992491107,boot.smd,0.08084204037405329,0.11272329324913444,5.4284534083812925,5.87596712678018,25.344816259953593,NA,FALSE,NA,0.03162277660168379
tunea3,0.5,tunea3_10_r500.rds,moderate,NA,1,500,0.027092070992020233,0.009736385491188732,0.15135957435137296,0.15702140881860813,0.037406516842413584,1.8865500881606247,4.709748716904306,3.63106831130898,2.9884958931605357,1.2535865360797993,boot.inf,0.18974232451365045,0.20838505998148116,16.600860675744368,16.600860675744368,38.584060279193764,NA,FALSE,NA,0.03162277660168379
tunea3,0.5,tunea3_11_r500.rds,bad,NA,1,500,0.07093878782012467,0.011035777989111348,0.30121642876271776,0.3301939928822847,0.09620180492344232,1.293153751062153,2.9187231813308334,2.2083664453048137,2.464943253733306,1.0671357020432513,boot.inf,0.3214388051746638,-0.02651528463978492,-4.398207568933728,-4.398207568933728,23.07224450011616,NA,FALSE,NA,0.03162277660168379
tunea3,0.5,tunea3_12_r500.rds,awful,NA,1,500,0.09153124787359208,0.011821715252953223,0.44640235254344607,0.48095223179271135,0.07739627502501278,1.1047761901678248,2.17460447757314,1.661466607114058,1.9065574037172366,1.0235168920756086,boot.inf,0.45690034849050803,-0.05000888178136076,-12.205762708576637,-12.205762708576637,5.018463158661786,NA,FALSE,NA,0.03162277660168379
tunea3,0.5,tunea3_13_r500.rds,good,NA,1,500,0.006830125880528781,0.006830125880528781,0.09417434811094196,0.09417434811094196,0,2.2017931295924646,4.666795304721536,4.060560234096377,1.1118951998410413,1.125530360731354,boot.smd,0.1047120056127156,0.11189519984104135,6.219897246715833,6.5400127114713795,20.163067917585593,NA,TRUE,NA,0.03162277660168379
tunea3,0.5,tunea3_14_r500.rds,moderate,NA,1,500,0.027761004066540487,0.009090477262673539,0.16805978443873015,0.17491218858145477,0.04077361021025716,1.8843376590460674,4.576651474740486,3.5041360164837494,2.9393218241732524,1.248011410803946,boot.inf,0.20974052867678666,0.1991190000982277,13.076286067991425,13.076286067991425,26.868158972432017,NA,TRUE,NA,0.03162277660168379
tunea3,0.5,tunea3_15_r500.rds,bad,NA,1,500,0.06417794234663629,0.00998400938752073,0.30041547833019355,0.3263489318726021,0.08632529084904372,1.3686451382009037,3.102293100300344,2.358691067105593,2.6281535315692826,1.0965297795283526,boot.inf,0.32941451822031176,0.009393584744154637,1.0562071222465563,1.0562071222465563,18.731481905243378,NA,TRUE,NA,0.03162277660168379
tunea3,0.5,tunea3_16_r500.rds,awful,NA,1,500,0.08325696248176997,0.011801459320167535,0.4728348352036454,0.5004141032092637,0.058327487638976994,1.1256375303120438,2.1977695944893427,1.6852836966314289,1.9280571912511866,1.0364719694118174,boot.inf,0.4900800528500345,-0.020650997429838114,-3.56400623193739,-3.56400623193739,7.716648508612596,NA,TRUE,NA,0.03162277660168379
tunea4,0,tunea4_01_r200.rds,good,NA,1,200,0.0071333489832256574,7.385312018184423e-4,0.07359110361475676,0.07464826285323373,0.014365313014071734,3.7086998123790504,6.075859250104305,5.135037542991041,1.8368913521237868,1.5778085209244388,boot.inf,0.1161126703475965,0.5554637966041638,8.44282530959334,8.44282530959334,26.636297875796664,NA,NA,NA,0.05
tunea4,0,tunea4_02_r200.rds,moderate,NA,1,200,0.0010917769575951306,0.0010917769575951306,0.15603520493273926,0.15603520493273926,0,2.735569343365837,4.802530207679776,3.8400075968070078,2.629340076512459,1.4990810511058685,boot.inf,0.23390941902009035,0.49908105110586853,24.49096145966449,24.49096145966449,45.6470586198108,NA,NA,NA,0.05
tunea4,0,tunea4_03_r200.rds,bad,NA,1,200,0.0012342199130951797,0.0012342199130951797,0.33133383657988935,0.33133383657988935,0,1.6676288237728054,2.7530319095172104,2.2001339897583447,1.9273082962739387,1.121785385382406,boot.inf,0.3716854555580023,0.12178538538240602,21.442947266717077,21.442947266717077,53.31440316304893,NA,NA,NA,0.05
tunea4,0,tunea4_04_r200.rds,awful,NA,1,200,0.0012659963737541998,0.0012659963737541998,0.4857986870495742,0.4857986870495742,0,1.3070436338985914,2.0426531281066254,1.6361021360814225,1.5587963732465107,1.033848699340775,boot.inf,0.5022423407476584,0.033848699340774946,12.286938810900025,12.286938810900025,40.16562092928182,NA,NA,NA,0.05
tunea4,0.5,tunea4_05_r200.rds,good,NA,1,200,0.006872311126255386,7.715322230986725e-5,0.07620246947248288,0.07829425465613274,0.02745035952417796,2.3757790628107807,5.3388088847625195,4.473157330347669,1.1302663228820666,1.1449454242048676,boot.smd,0.08612908496519615,0.10006903244016918,2.1510848065680164,2.3870421932069585,14.974396680705103,NA,NA,NA,0.05
tunea4,0.5,tunea4_06_r200.rds,moderate,NA,1,200,0.032067122015289634,1.0318051060678049e-4,0.14922008375264972,0.16489823978908438,0.10506733170330529,1.865803907436758,4.7962941031167645,3.612026063578868,2.8157227128036686,1.2275861577538467,boot.inf,0.18318050927362248,0.1108700099402049,6.134289807337909,6.134289807337909,24.02192836603493,NA,NA,NA,0.05
tunea4,0.5,tunea4_07_r200.rds,bad,NA,1,200,0.061671521526527266,1.1926604671817332e-4,0.2967384059565352,0.3330937764650477,0.12251656603506045,1.329629534606271,2.99486097537132,2.273183257941458,2.527508586077109,1.0903413802857163,boot.inf,0.3235461631344318,-0.028663439563295867,-2.5964286091003896,-2.5964286091003896,13.194422379233348,NA,NA,NA,0.05
tunea4,0.5,tunea4_08_r200.rds,awful,NA,1,200,0.08944765061889194,0.003049525397789177,0.4618876274065981,0.5037635428747567,0.09066256159162145,1.1030020095661341,2.1201175205588503,1.6344581287764626,1.8622610948046012,1.0227694176139681,boot.inf,0.47240453968574386,-0.062249449434273796,-9.166089226026353,-9.166089226026353,1.304504665374594,NA,NA,NA,0.05
tunen2,1,tunen2_01_r500.rds,good,NA,1,500,0.08160400868573177,0.08160400868573177,0.22219129223030662,0.22219129223030662,0,1.5648350149619932,2.656328954832719,2.564538129436716,1.1882996704364406,1.0921263170886057,boot.inf,0.2426609576726429,0.09212631708860575,8.712509416557726,8.712509416557726,32.879001869359406,NA,NA,250,0.03162277660168379
tunen2,1,tunen2_01_r500.rds,good,NA,3,500,0.08160400868573177,0.08160400868573177,0.36563337127394707,0.36563337127394707,0,1.1956902622045835,1.7512811322862112,1.699999229964197,1.054736749348568,1.018010214428552,boot.inf,0.37221850669282525,0.018010214428552107,2.0942203840242453,2.0942203840242453,11.324465182032334,NA,NA,250,0.03162277660168379
tunen2,1,tunen2_01_r500.rds,good,NA,10,500,0.14260532273278997,0.08160400868573177,0.991423966719623,1.0457465637767582,0.05479249935511987,1.003349142582767,1.072909329203996,1.066682684471526,1.032935882063416,1.0282486098878831,cv.bloss,0.9947443869441395,-0.048771068057275935,-3.104719317564819,-2.5877502732156024,-3.104719317564819,NA,NA,250,0.03162277660168379
tunen2,1,tunen2_02_r500.rds,moderate,NA,1,500,0.15309532235996032,0.15309532235996032,0.3672532464026844,0.3672532464026844,0,1.2826278841592,2.4223947847710656,2.2647974624210496,2.0469533886799063,1.2761093912304424,boot.inf,0.4686553166943333,0.2761093912304424,23.111010832126084,23.111010832126084,28.188083203315617,NA,NA,250,0.03162277660168379
tunen2,1,tunen2_02_r500.rds,moderate,NA,3,500,0.15309532235996032,0.15309532235996032,0.4955737514613007,0.4955737514613007,0,1.1297562375750838,1.8796376062749913,1.7733783199985496,1.6164170299145986,1.1228973039393395,boot.inf,0.5564784294189989,0.12289730393933951,10.767148248084089,10.767148248084089,11.718966156671536,NA,NA,250,0.03162277660168379
tunen2,1,tunen2_02_r500.rds,moderate,NA,10,500,0.23269127720315574,0.15309532235996032,1.1384830092989178,1.206909381555987,0.060103112385670565,0.9979006732621047,1.116477557155843,1.0968268847182232,1.046626472122216,0.9924264213785172,boot.inf,1.12986061871877,-0.06383972484983358,-4.461076190480334,-4.461076190480334,-4.078725919963874,NA,NA,250,0.03162277660168379
tunen2,1,tunen2_03_r500.rds,bad,NA,1,500,0.22969249354372434,0.22969249354372434,0.5313834862807121,0.5313834862807121,0,1.0684088069128472,1.936407062544493,1.7835478371313072,1.7345454298025333,1.1636192141444983,cv.bloss,0.567734796590365,0.06840880691284723,10.399592707643352,27.81296897203589,10.399592707643352,NA,NA,250,0.03162277660168379
tunen2,1,tunen2_03_r500.rds,bad,NA,3,500,0.22969249354372434,0.22969249354372434,0.6116980551187302,0.6116980551187302,0,1.037864088405527,1.7135751033831084,1.586698901765783,1.5444505966969073,1.0998650339679903,cv.bloss,0.6348594443552348,0.03786408840552702,6.133353901041934,14.813178161420938,6.133353901041934,NA,NA,250,0.03162277660168379
tunen2,1,tunen2_03_r500.rds,bad,NA,10,500,0.3036399587092169,0.22969249354372434,1.1758865074705598,1.2264192305459316,0.04297414993226889,1.0165523398402245,1.1168990520030486,1.0752787442741227,1.056577361471068,0.9915775077967383,boot.inf,1.1659826125294683,-0.0492789223384571,-4.726848535069625,-4.726848535069625,-3.161734857373758,NA,NA,250,0.03162277660168379
tunen2,1,tunen2_04_r500.rds,awful,NA,1,500,0.2799149127067446,0.2799149127067446,0.6438401070421907,0.6438401070421907,0,1.000693971251314,1.7244945111890677,1.5805177320236372,1.5914667311164785,1.0989059608126037,cv.bloss,0.644286913566921,6.939712513140961e-4,0.12646158471103083,21.06378606021832,0.12646158471103083,NA,NA,250,0.03162277660168379
tunen2,1,tunen2_04_r500.rds,awful,NA,3,500,0.2799149127067446,0.2799149127067446,0.7289772282562733,0.7289772282562733,0,0.9912826393628793,1.5666381924881827,1.4451439396459385,1.4521923696522152,1.0532945734241663,cv.bloss,0.7226224708613147,-0.008717360637120697,-1.5683048307985838,8.717147755679953,-1.5683048307985838,NA,NA,250,0.03162277660168379
tunen2,1,tunen2_04_r500.rds,awful,NA,10,500,0.35321255927182993,0.2799149127067446,1.289156299389834,1.3740862507843887,0.06588025938728492,1.033375458356264,1.119063192332971,1.072730321080387,1.0700573136432694,0.9899479397784452,boot.inf,1.2761976226333707,-0.07123907112463934,-5.044317042822152,-5.044317042822152,-2.6489704197788724,NA,NA,250,0.03162277660168379
tunen2,1,tunen2_05_r500.rds,good,NA,1,500,0.029113242013415187,0.029113242013415187,0.1188927427338204,0.1188927427338204,0,2.0232166250233425,4.339836235857876,3.930016454296999,1.0924557031343884,1.1312907845716689,boot.smd,0.12988505486085172,0.092455703134388445,6.88307075131168,11.28034868246341,30.954472147161358,NA,NA,500,0.03162277660168379
tunen2,1,tunen2_05_r500.rds,good,NA,3,500,0.0403185320914702,0.029113242013415187,0.23953307686067382,0.24334946176865704,0.015932600866656266,1.2463701499904036,2.255007920256151,2.059273253261478,0.9974624795454763,0.9975258699390751,boot.smd,0.23892525677860485,-0.01818045931927359,-1.9040626158413545,-1.7477413141588258,8.852219966504515,NA,NA,500,0.03162277660168379
tunen2,1,tunen2_05_r500.rds,good,NA,10,500,0.09314103844826131,0.029113242013415187,0.6827393385698101,0.7588029739830635,0.11140948106577575,0.996835581125197,1.1479532133713626,1.1012045470594476,1.059738240207168,1.0485009907153484,cv.bloss,0.6805788653202692,-0.10308882719869283,-5.398323545665212,-5.457742409791623,-5.398323545665212,NA,NA,500,0.03162277660168379
tunen2,1,tunen2_06_r500.rds,moderate,NA,1,500,0.09073157849525443,0.09073157849525443,0.22831111542448185,0.22831111542448185,0,1.491063314473486,3.60960489725592,3.0183520762388465,2.7883468311298576,1.3819135059275307,boot.inf,0.31550621395847084,0.3819135059275307,18.814611528845994,18.814611528845994,34.68631151522283,NA,NA,500,0.03162277660168379
tunen2,1,tunen2_06_r500.rds,moderate,NA,3,500,0.09073157849525443,0.09073157849525443,0.3490544301198051,0.3490544301198051,0,1.183237167157745,2.428700397556346,2.055722966275896,1.9092970340889157,1.137115501642569,boot.inf,0.3969152034062432,0.13711550164256892,8.465077461099012,8.465077461099012,11.537081429607309,NA,NA,500,0.03162277660168379
tunen2,1,tunen2_06_r500.rds,moderate,NA,10,500,0.19098127561277872,0.09073157849525443,0.8799912848933625,0.953230060294851,0.08322670537625099,1.0057523425733508,1.2155806076790443,1.1100010399187366,1.068916432848435,1.0172454715306884,cv.bloss,0.8850532962256322,-0.07152183602784257,-4.290981570350021,-3.917656707336521,-4.290981570350021,NA,NA,500,0.03162277660168379
tunen2,1,tunen2_07_r500.rds,bad,NA,1,500,0.16233315182375388,0.16233315182375388,0.38768011075892395,0.38768011075892395,0,1.1746804111142473,2.5417549019660814,2.085750930977875,2.161019754836366,1.3334573026703491,cv.bloss,0.4554002318871097,0.17468041111424726,22.706638793095596,43.38762953784913,22.706638793095596,NA,NA,500,0.03162277660168379
tunen2,1,tunen2_07_r500.rds,bad,NA,3,500,0.16233315182375388,0.16233315182375388,0.4830476223453245,0.4830476223453245,0,1.0764851933906598,2.065731986110504,1.7076657054702955,1.7665893180901464,1.1675153936773253,cv.bloss,0.5199936131573051,0.07648519339065984,8.541953715991545,15.305285607338103,8.541953715991545,NA,NA,500,0.03162277660168379
tunen2,1,tunen2_07_r500.rds,bad,NA,10,500,0.2584802844377905,0.16233315182375388,0.9460845683775573,1.0793452007540396,0.14085488425734627,1.055911234619966,1.2142529354856706,1.0753723454356314,1.094366665700205,1.0110813692279756,boot.inf,0.956568480800639,-0.11375111490524781,-6.511490786767183,-6.511490786767183,-5.599689573854539,NA,NA,500,0.03162277660168379
tunen2,1,tunen2_08_r500.rds,awful,NA,1,500,0.22709424799348188,0.22709424799348188,0.5168791448169838,0.5168791448169838,0,1.0354331158873737,2.0533868323949505,1.6587304350852978,1.8099201323848908,1.1778482944834852,cv.bloss,0.5351937834550506,0.035433115887373745,6.665323570449714,38.15040344049292,6.665323570449714,NA,NA,500,0.03162277660168379
tunen2,1,tunen2_08_r500.rds,awful,NA,3,500,0.22709424799348188,0.22709424799348188,0.5946562921966451,0.5946562921966451,0,1.0065119337253128,1.7996256307208527,1.467047195833155,1.5940687980977526,1.0918108780251223,cv.bloss,0.5985286545607699,0.00651193372531278,1.155860681553404,11.426271700025447,1.155860681553404,NA,NA,500,0.03162277660168379
tunen2,1,tunen2_08_r500.rds,awful,NA,10,500,0.3144997290681134,0.22709424799348188,1.0322391665597472,1.2090541762446443,0.17129267655497626,1.1066630874454586,1.1778796435725953,1.0417396755111519,1.0914637681790023,1.0185920253138956,boot.inf,1.0514305832744206,-0.13036933833668807,-7.427808743621951,-7.427808743621951,-4.786335326575539,NA,NA,500,0.03162277660168379
tunen2,1,tunen2_09_r500.rds,good,NA,1,500,0.003794285923079132,0.003794285923079132,0.05138078801101593,0.05138078801101593,0,2.3360310459811435,6.02036710847731,4.651276112494842,1.0250455287923472,1.0228545185191973,boot.inf,0.05255507118214464,0.022854518519197287,3.850417586813005,3.850417586813005,25.01780410862369,NA,NA,2000,0.03162277660168379
tunen2,1,tunen2_09_r500.rds,good,NA,3,500,0.007277099907592935,0.003794285923079132,0.11498270710224494,0.11543831750241901,0.003962425408621906,1.353472471995354,2.8317436104557254,2.249863505930331,0.9999952382064724,0.9992627344148303,boot.inf,0.1148979343094088,-0.0046811423165352695,-1.264936120710745,-1.264936120710745,10.172427387161688,NA,NA,2000,0.03162277660168379
tunen2,1,tunen2_09_r500.rds,good,NA,10,500,0.02328138659283046,0.003794285923079132,0.35219612301188835,0.367463728114819,0.04334972506899315,1.0207589965192077,1.2853139699684168,1.1589133521189736,1.0308878607149397,1.030720711251656,cv.bloss,0.35950736110357057,-0.02165211530418676,-1.1540371509896232,-4.085348682728588,-1.1540371509896232,NA,NA,2000,0.03162277660168379
tunen2,1,tunen2_10_r500.rds,moderate,NA,1,500,0.012751583227288124,0.011618767718211891,0.06922059608558752,0.06926566427579348,6.51080642966928e-4,2.5955743028802485,9.177189619635639,6.196740868422085,5.273335216131795,1.1665425000916245,boot.inf,0.08074876721551379,0.16578348103323326,6.132911367376004,6.132911367376004,29.767223746627224,NA,NA,2000,0.03162277660168379
tunen2,1,tunen2_10_r500.rds,moderate,NA,3,500,0.028118908156925138,0.011618767718211891,0.16656723054012434,0.180011050177591,0.08071107140265621,1.294120231979394,3.8371859782532516,2.615958376580271,2.2839661440543497,0.9950411344660851,boot.inf,0.16574124604151927,-0.07927182315748826,-4.5328690393193325,-4.5328690393193325,5.521715302867694,NA,NA,2000,0.03162277660168379
tunen2,1,tunen2_10_r500.rds,moderate,NA,10,500,0.10835701660663122,0.011618767718211891,0.47263973241482066,0.5915813344293269,0.25165383664806895,1.0096364773404507,1.4771597399243483,1.1360399842052389,1.1483269104334708,1.1118679211598805,cv.bloss,0.47719431448643274,-0.19335806132767597,-7.067784715222135,-6.932927672669281,-7.067784715222135,NA,NA,2000,0.03162277660168379
tunen2,1,tunen2_11_r500.rds,bad,NA,1,500,0.0698275459938624,0.0698275459938624,0.1720029963376658,0.1720029963376658,0,1.6883417495161785,4.842818417577098,3.361555729329057,3.943839588189353,1.855014758595695,cv.bloss,0.29039983975875955,0.6883417495161785,30.143084364401847,31.461784154976403,30.143084364401847,NA,NA,2000,0.03162277660168379
tunen2,1,tunen2_11_r500.rds,bad,NA,3,500,0.07663564552567359,0.0698275459938624,0.27359752660352626,0.27491538690907147,0.004816784427495779,1.2150204225665722,3.0626429740038232,2.13928577947788,2.4995125395274305,1.2884702203621223,cv.bloss,0.33242658238698547,0.20919598617059543,10.178915135998992,13.642115188514364,10.178915135998992,NA,NA,2000,0.03162277660168379
tunen2,1,tunen2_11_r500.rds,bad,NA,10,500,0.18546809182744578,0.0698275459938624,0.611759641078981,0.789516932226815,0.2905672084453259,1.0928360377494821,1.4566656123029542,1.107465713471951,1.230481462509192,1.0631683108546355,boot.inf,0.6504034642549782,-0.17620074034317457,-7.471859529893985,-7.471859529893985,-7.347336479401419,NA,NA,2000,0.03162277660168379
tunen2,1,tunen2_12_r500.rds,awful,NA,1,500,0.14477841237944994,0.14477841237944994,0.3459601708414177,0.3459601708414177,0,1.1596616751880395,2.691438413637856,1.9281736729760584,2.2884428646461017,1.405856509515074,cv.bloss,0.40119675126629883,0.15966167518803953,22.605185439817525,71.53909810707232,22.605185439817525,NA,NA,2000,0.03162277660168379
tunen2,1,tunen2_12_r500.rds,awful,NA,3,500,0.14477841237944994,0.14477841237944994,0.44133925752460673,0.44133925752460673,0,1.0540382473810495,2.1226935567144314,1.5408385957939863,1.8129665860982953,1.1767418405595025,cv.bloss,0.46518845750169013,0.054038247381049453,6.721971088166977,15.850666252112374,6.721971088166977,NA,NA,2000,0.03162277660168379
tunen2,1,tunen2_12_r500.rds,awful,NA,10,500,0.25300438734111275,0.14477841237944994,0.7583234930236905,0.9993004025463148,0.3177758723546442,1.1820980063914686,1.3074556717833326,1.0416816088905185,1.1534166348124066,1.0258565522423269,boot.inf,0.7779311240376414,-0.22152425631432038,-9.253932456599443,-9.253932456599443,-7.264156920629853,NA,NA,2000,0.03162277660168379
tunen2,1,tunen2_13_r500.rds,good,NA,1,500,0.003551584147226723,0.003551584147226723,0.03270002653790507,0.03270002653790507,0,2.2218098428729975,5.9499289265563435,4.396517617758891,0.9944577449579578,0.9943916631920462,boot.inf,0.03251663377545147,-0.0056083368079538065,-4.773250223979822,-4.773250223979822,25.0189769801641,NA,NA,5000,0.03162277660168379
tunen2,1,tunen2_13_r500.rds,good,NA,3,500,0.0037206954999927646,0.003551584147226723,0.07369927494116583,0.07370156788282654,3.111213322704032e-5,1.2997155079255307,2.7415755534093935,2.110283030141562,0.9998609011228023,0.9998215259287,boot.inf,0.07368612153151523,-2.095796840559938e-4,-0.36810270537509227,-0.36810270537509227,9.86856839780599,NA,NA,5000,0.03162277660168379
tunen2,1,tunen2_13_r500.rds,good,NA,10,500,0.01648499331940372,0.003551584147226723,0.2285226276715015,0.2326100024098425,0.01788608322943208,1.0135546679437792,1.2309450811568874,1.122103509286845,1.018812812981152,1.0187923724188093,cv.bloss,0.2316201760072286,-0.0042553045542294,-0.31536876464901836,2.751098705049401,-0.31536876464901836,NA,NA,5000,0.03162277660168379
tunen2,1,tunen2_14_r500.rds,moderate,NA,1,500,0.005010680999089417,0.005010680999089417,0.044795417859771876,0.044795417859771876,0,2.8170614300814463,11.718663865013106,7.187946630302975,1.3493059658504403,1.0259867667302618,boot.inf,0.045959505934278375,0.02598676673026179,3.677796299615072,3.677796299615072,25.88065183740923,NA,NA,5000,0.03162277660168379
tunen2,1,tunen2_14_r500.rds,moderate,NA,3,500,0.01157532299363882,0.005010680999089417,0.11804225623073829,0.11972306808641013,0.014239069205745691,1.331822874281779,4.4586498549481055,2.7784248733647083,1.0592359481835993,1.0058377966887864,boot.inf,0.11873136292329896,-0.008283325669497632,-2.553702296757768,-2.553702296757768,8.584710272536269,NA,NA,5000,0.03162277660168379
tunen2,1,tunen2_14_r500.rds,moderate,NA,10,500,0.07794996895129105,0.005010680999089417,0.3602835427668476,0.3961597938546983,0.09957782365615153,1.017817167699101,1.5600981447833602,1.1374583422185278,1.090012986454319,1.086372027625225,cv.bloss,0.3667027750675508,-0.07435640679364763,-3.783817468468175,-5.008507932576105,-3.783817468468175,NA,NA,5000,0.03162277660168379
tunen2,1,tunen2_15_r500.rds,bad,NA,1,500,0.030126383370201515,0.030126383370201515,0.0922600990853066,0.0922600990853066,0,2.382571269754391,7.919725430765421,5.175759199078409,6.475090502527669,1.7596614811939213,boot.inf,0.16234654261154854,0.7596614811939213,14.807178159779417,14.807178159779417,29.221677303427363,NA,NA,5000,0.03162277660168379
tunen2,1,tunen2_15_r500.rds,bad,NA,3,500,0.03628733542460101,0.030126383370201515,0.19374976635515076,0.19670675175579855,0.015261878536810825,1.3203559087175087,3.780239489473955,2.486354308928299,3.0969428554808727,1.1276992722711427,boot.inf,0.21849147052140747,0.11074718366888359,4.8062933539054535,4.8062933539054535,9.683399346530196,NA,NA,5000,0.03162277660168379
tunen2,1,tunen2_15_r500.rds,bad,NA,10,500,0.14649259937759646,0.030126383370201515,0.4895950182288866,0.6248160567217793,0.2761895719079326,1.0652215051270086,1.5509414925588352,1.1107005238233578,1.3044505692408064,1.130729924566078,cv.bloss,0.5215271422204598,-0.1653109157329361,-6.106218699363177,-5.2330093091845145,-6.106218699363177,NA,NA,5000,0.03162277660168379
tunen2,1,tunen2_16_r500.rds,awful,NA,1,500,0.10319521664762552,0.10319521664762552,0.2418889805716853,0.2418889805716853,0,1.3518032062123695,3.4352608404340406,2.422074409819037,2.988187052165296,1.703999202696142,cv.bloss,0.32698629948424573,0.3518032062123695,23.826081999542083,63.69662344386804,23.826081999542083,NA,NA,5000,0.03162277660168379
tunen2,1,tunen2_16_r500.rds,awful,NA,3,500,0.10319521664762552,0.10319521664762552,0.3310559316209367,0.3310559316209367,0,1.1215147400800909,2.5140020753852643,1.7794557751953142,2.1879281876059666,1.2933955460154118,cv.bloss,0.3712841071038272,0.12151474008009089,8.928588338025168,18.015785808864184,8.928588338025168,NA,NA,5000,0.03162277660168379
tunen2,1,tunen2_16_r500.rds,awful,NA,10,500,0.2073432349952591,0.10319521664762552,0.5971045283399062,0.8487391876877536,0.4214248048787237,1.213868502544263,1.4314322307177048,1.077897452886706,1.2614600250368735,1.0245234284191456,boot.inf,0.6117475784993976,-0.27922783892422776,-9.949737500554125,-9.949737500554125,-8.397888038815513,NA,NA,5000,0.03162277660168379
tunep,NA,tunep01_r5.rds,good,500,1,5,0.030973331444317038,0.029565545727848287,0.14689882707006216,0.14689882707006216,0,1.6753270471766155,4.368849829207212,3.4242886945165405,3.734907695671282,1.2667505586094439,boot.inf,0.18608417125007334,0.26675055860944386,3.813604032205543,3.813604032205543,5.386208773805353,NA,FALSE,NA,0.31622776601683794
tunep,NA,tunep02_r5.rds,moderate,500,1,5,0.0744345295353638,0.0744345295353638,0.17907373878256466,0.17907373878256466,0,1.5317782095216532,4.9722384901915655,3.540832689977284,4.857632848506453,1.664311700750112,cv.bloss,0.27430125096470515,0.5317782095216532,3.56215087189885,1.5534205806122363,3.56215087189885,NA,FALSE,NA,0.31622776601683794
tunep,NA,tunep03_r5.rds,bad,500,1,5,0.11435158524401505,0.10915412921150872,0.38452915713741154,0.38789772037674747,0.008760228390514824,1.2426215017006883,2.867733821882988,2.074062711507625,2.791182921650878,1.4799322837723852,cv.bloss,0.47782419868979026,0.23183038617938068,3.0000392247994885,6.673164701020766,3.0000392247994885,NA,FALSE,NA,0.31622776601683794
tunep,NA,tunep04_r5.rds,good,500,1,5,0.17295542320760582,0.03556849566220914,0.0572633783206005,0.09822825815551267,0.7153765816183963,1.2287001287693888,1.1493326872693785,1.0159767301329135,1.0336509659153794,1.3821541536350217,cv.inf,0.05817825986252766,-0.4077237960341187,-1.639237554432804,-1.8571488078789282,-1.399737783121286,NA,TRUE,NA,0.31622776601683794
tunep,NA,tunep05_r5.rds,moderate,500,1,5,0.07319746146370254,0.0666948007279245,0.15041062505342592,0.15210396496730919,0.011258113669042835,1.121452017318762,1.2765646170537113,1.1950059470716217,1.2682003740421037,1.0729059526307423,boot.inf,0.16137645495873132,0.06096152715949921,0.8251278073964349,0.8251278073964349,0.6350152120161121,NA,TRUE,NA,0.31622776601683794
tunep,NA,tunep06_r5.rds,bad,500,1,5,0.26140882537258375,0.11854572640172675,0.07222235665855731,0.08614190940384307,0.19273191002465717,1.0499592915430576,1.5593034952079365,1.0679775892327341,1.5062798586229815,0.9291283825156889,boot.inf,0.06710384142363654,-0.22100819580111586,-0.9989581487560558,-0.9989581487560558,-1.1441771548639617,NA,TRUE,NA,0.31622776601683794
tunep,NA,tunep07_r5.rds,good,1000,1,5,0.04501402143300163,0.04501402143300163,0.12559000084499608,0.12559000084499608,0,1.7736987176503742,4.77763853984921,3.872402375492231,4.471202031692271,1.2611881269291911,boot.inf,0.15839261792673615,0.26118812692919113,2.8613580171819346,2.8613580171819346,6.882722236048937,NA,FALSE,NA,0.31622776601683794
tunep,NA,tunep08_r5.rds,moderate,1000,1,5,0.0795981690650651,0.07598030943416563,0.18897266034942675,0.1900281156061695,0.0055852272746286236,1.573470766732937,5.134222780470829,3.591426446940609,5.037790044473709,1.7810831535695628,cv.bloss,0.2973429567715754,0.5647313863166141,3.250931782137305,3.900289920234208,3.250931782137305,NA,FALSE,NA,0.31622776601683794
tunep,NA,tunep09_r5.rds,bad,1000,1,5,0.12410182157662131,0.12410182157662131,0.3191269660896472,0.3191269660896472,0,1.3648189104663397,3.478707101565471,2.5526170310155396,3.418530495631188,1.717280184751746,cv.bloss,0.43555051815890083,0.36481891046633974,4.722781654851216,11.652449340809492,4.722781654851216,NA,FALSE,NA,0.31622776601683794
tunep,NA,tunep10_r5.rds,good,1000,1,5,0.09455577902159587,0.04706063403342625,0.06501204943746787,0.10383424852492187,0.5971539033667184,0.9811032781860912,1.271755295925254,1.1191616018983752,1.2408079675924002,1.1589045386322399,cv.bloss,0.06378353482469595,-0.38571775949833265,-1.329531481136152,-1.6464069719097942,-1.329531481136152,NA,TRUE,NA,0.31622776601683794
tunep,NA,tunep11_r5.rds,moderate,1000,1,5,0.36010372593340856,0.08514614474237081,0.05431605161516185,0.1282262544428799,1.360743290977481,2.3028913887293436,1.069466024425649,0.9825431341701375,1.0359942342277926,1.8717364800936365,cv.inf,0.05336786358970808,-0.5837992474974655,-1.1460243356896422,-1.335824208240922,-0.43760419335079953,NA,TRUE,NA,0.31622776601683794
tunep,NA,tunep12_r5.rds,bad,1000,1,5,0.4019167907474331,0.13160962906885104,0.136887420199753,0.18665465137370268,0.36356321933254954,1.3125761863542829,1.0625385035432449,1.0505116977504805,1.0623212415634757,1.138404905936787,cv.inf,0.14380183619472595,-0.22958343048832353,-1.272816978331522,-2.716534453405115,-0.8023079393786624,NA,TRUE,NA,0.31622776601683794
tunep,NA,tunep13_r5.rds,good,2000,1,5,0.06173742138428804,0.06173742138428804,0.14425930766032735,0.14425930766032735,0,1.6284681794914657,4.5747398182893395,3.852359222947203,4.447685911246574,1.3669068798687327,boot.inf,0.19718904012600164,0.3669068798687327,4.468773825568574,4.468773825568574,6.049570921991403,NA,FALSE,NA,0.31622776601683794
tunep,NA,tunep14_r5.rds,moderate,2000,1,5,0.09259157899568098,0.08053143348229923,0.19785889719241037,0.19790500638546962,2.3304078670971506e-4,1.4512669097041866,4.598175984356726,3.536235845383749,4.5945728174384435,1.7807806687534884,cv.bloss,0.2871460702859078,0.4509287841188756,14.075222293331416,4.330396430706507,14.075222293331416,NA,FALSE,NA,0.31622776601683794
tunep,NA,tunep15_r5.rds,bad,2000,1,5,0.14763563642079366,0.14763563642079366,0.3054296807636771,0.3054296807636771,0,1.3710713284804894,3.4563816590652428,2.687018495720086,3.403094858365841,1.6780153997001244,cv.bloss,0.41876587816202654,0.3710713284804894,4.918100042060253,7.190780174128347,4.918100042060253,NA,FALSE,NA,0.31622776601683794
tunep,NA,tunep16_r5.rds,good,2000,1,5,0.07905648139753331,0.059803328982738664,0.08193361340906125,0.09554836471766416,0.1661680809880799,1.050971799060221,1.078370036626051,1.0640581632474733,1.0781108420397663,0.949536410016171,boot.inf,0.07779894913609282,-0.18576367721225873,-1.8261453295878078,-1.8261453295878078,-0.6870343894109248,NA,TRUE,NA,0.31622776601683794
tunep,NA,tunep17_r5.rds,moderate,2000,1,5,0.09046346185331246,0.09046346185331246,0.10046249972621166,0.10046249972621166,0,1.1767538995277607,1.1768502851913647,1.0368663238057545,1.1733058939519554,1.0829503442765511,cv.inf,0.1041661827714537,0.0368663238057545,0.14828320461153427,0.5822076503994077,0.7393903928947932,NA,TRUE,NA,0.31622776601683794
tunep,NA,tunep18_r5.rds,bad,2000,1,5,0.5499943225515906,0.14272485831537737,0.07257443097753029,0.09018230713294187,0.24261817720435364,1.2921262128368598,1.0009295359834114,1.1997234301358217,1.016750353135144,1.2292730703996986,cv.smd,0.0726418915225995,-0.19449952177964613,-1.1124002549785705,-0.48117187305034187,0.6441361474406377,NA,TRUE,NA,0.31622776601683794
tunep2,1,tunep2_01_r5.rds,good,500,1,5,0.030973331444317038,0.029565545727848287,0.14689882707006216,0.14689882707006216,0,1.6753270471766155,4.368849829207212,3.4242886945165405,3.734907695671282,1.2667505586094439,boot.inf,0.18608417125007334,0.26675055860944386,3.813604032205543,3.813604032205543,5.386208773805353,NA,FALSE,NA,0.31622776601683794
tunep2,1,tunep2_01_r50.rds,good,500,1,50,0.030973331444317038,0.029565545727848287,0.10690753936018665,0.10695253887991239,4.20919983707968e-4,2.0901349000641165,5.649424857883024,4.37923536702656,4.855374830339951,1.3366177915054636,boot.inf,0.1428945191548961,0.3360554190802314,9.706835319425258,9.706835319425258,15.329848906533448,NA,FALSE,NA,0.1
tunep2,1,tunep2_02_r5.rds,moderate,500,1,5,0.0744345295353638,0.0744345295353638,0.17907373878256466,0.17907373878256466,0,1.5317782095216532,4.9722384901915655,3.540832689977284,4.857632848506453,1.664311700750112,cv.bloss,0.27430125096470515,0.5317782095216532,3.56215087189885,1.5534205806122363,3.56215087189885,NA,FALSE,NA,0.31622776601683794
tunep2,1,tunep2_02_r50.rds,moderate,500,1,50,0.0744345295353638,0.0744345295353638,0.18896280386817713,0.18896280386817713,0,1.5703716339798375,4.79456717655979,3.3387855230653263,4.561519305082423,1.6231503323675536,cv.bloss,0.29674182707188085,0.5703716339798375,11.621038431139286,8.096731227205046,11.621038431139286,NA,FALSE,NA,0.1
tunep2,1,tunep2_03_r5.rds,bad,500,1,5,0.11435158524401505,0.10915412921150872,0.38452915713741154,0.38789772037674747,0.008760228390514824,1.2426215017006883,2.867733821882988,2.074062711507625,2.791182921650878,1.4799322837723852,cv.bloss,0.47782419868979026,0.23183038617938068,3.0000392247994885,6.673164701020766,3.0000392247994885,NA,FALSE,NA,0.31622776601683794
tunep2,1,tunep2_03_r50.rds,bad,500,1,50,0.10915412921150872,0.10915412921150872,0.30076875292511895,0.30076875292511895,0,1.3258542675593088,3.4845285590837163,2.518370316797276,3.3911674148397486,1.6364733369934548,cv.bloss,0.3987755346142603,0.3258542675593088,14.5512040636172,26.134302164521703,14.5512040636172,NA,FALSE,NA,0.1
tunep2,1,tunep2_04_r5.rds,good,500,1,5,0.03556849566220914,0.03556849566220914,0.10886773377791402,0.10886773377791402,0,1.962429745071393,5.796647171207579,4.171036007610502,4.959833309335203,1.2094339149048174,boot.inf,0.13166832946983797,0.20943391490481744,1.0629071551014608,1.0629071551014608,1.2958494061133343,NA,TRUE,NA,0.31622776601683794
tunep2,1,tunep2_04_r50.rds,good,500,1,50,0.03556849566220914,0.03556849566220914,0.12546787948974808,0.12546787948974808,0,1.795651494402068,5.048744203044395,3.6837876449145956,4.309078967338232,1.1906900783843148,boot.inf,0.1493933592643619,0.19069007838431484,2.9919730776671156,2.9919730776671156,7.298421527496702,NA,TRUE,NA,0.1
tunep2,1,tunep2_05_r5.rds,moderate,500,1,5,0.0666948007279245,0.0666948007279245,0.1619636884557664,0.1619636884557664,0,1.7320642511867326,5.9217970469510925,3.9908985939049595,5.67678018508123,1.6457496366351152,boot.inf,0.2665516814241605,0.6457496366351152,1.7898314935226116,1.7898314935226116,3.628128736103223,NA,TRUE,NA,0.31622776601683794
tunep2,1,tunep2_05_r50.rds,moderate,500,1,50,0.0666948007279245,0.0666948007279245,0.1987252362250703,0.1987252362250703,0,1.5637549955479106,4.883152127973601,3.488342789002481,4.663682847569148,1.5933764892313134,cv.bloss,0.3107575808883923,0.5637549955479106,9.988841054888278,6.906107910340835,9.988841054888278,NA,TRUE,NA,0.1
tunep2,1,tunep2_06_r5.rds,bad,500,1,5,0.11854572640172675,0.11854572640172675,0.28850101267609385,0.28850101267609385,0,1.398419598079581,3.7152398940407987,2.5867116510507535,3.599785978129567,1.7046893268453667,cv.bloss,0.4034454701920553,0.39841959807958105,6.878332947972813,12.91910444150328,6.878332947972813,NA,TRUE,NA,0.31622776601683794
tunep2,1,tunep2_06_r50.rds,bad,500,1,50,0.11854572640172675,0.11854572640172675,0.3007765740102953,0.3007765740102953,0,1.3868924422777442,3.6976295673172697,2.6073636725006697,3.57626299254043,1.655932443037515,cv.bloss,0.41714475730907113,0.3868924422777442,8.810150293203453,15.43214375114628,8.810150293203453,NA,TRUE,NA,0.1
tunep2,1,tunep2_07_r5.rds,good,1000,1,5,0.04501402143300163,0.04501402143300163,0.12559000084499608,0.12559000084499608,0,1.7736987176503742,4.77763853984921,3.872402375492231,4.471202031692271,1.2611881269291911,boot.inf,0.15839261792673615,0.26118812692919113,2.8613580171819346,2.8613580171819346,6.882722236048937,NA,FALSE,NA,0.31622776601683794
tunep2,1,tunep2_07_r50.rds,good,1000,1,50,0.04501402143300163,0.04501402143300163,0.13539247188477335,0.13539247188477335,0,1.63701742727129,4.538498268803775,3.487169014234781,4.371622033939444,1.24415203031636,boot.inf,0.16844881878499146,0.24415203031636,8.178791029162852,8.178791029162852,16.017798989271892,NA,FALSE,NA,0.1
tunep2,1,tunep2_08_r5.rds,moderate,1000,1,5,0.0795981690650651,0.07598030943416563,0.18897266034942675,0.1900281156061695,0.0055852272746286236,1.573470766732937,5.134222780470829,3.591426446940609,5.037790044473709,1.7810831535695628,cv.bloss,0.2973429567715754,0.5647313863166141,3.250931782137305,3.900289920234208,3.250931782137305,NA,FALSE,NA,0.31622776601683794
tunep2,1,tunep2_08_r50.rds,moderate,1000,1,50,0.07598030943416563,0.07598030943416563,0.21235495128435875,0.21235495128435875,0,1.4894444581950768,4.396242946731516,3.185492197491833,4.327132062740315,1.7152021559915085,cv.bloss,0.31629090536077364,0.48944445819507676,12.474712502985064,14.052410285177539,12.474712502985064,NA,FALSE,NA,0.1
tunep2,1,tunep2_09_r5.rds,bad,1000,1,5,0.12410182157662131,0.12410182157662131,0.3191269660896472,0.3191269660896472,0,1.3648189104663397,3.478707101565471,2.5526170310155396,3.418530495631188,1.717280184751746,cv.bloss,0.43555051815890083,0.36481891046633974,4.722781654851216,11.652449340809492,4.722781654851216,NA,FALSE,NA,0.31622776601683794
tunep2,1,tunep2_09_r50.rds,bad,1000,1,50,0.12410182157662131,0.12410182157662131,0.31925069293146163,0.31925069293146163,0,1.3051299825084173,3.382136969304374,2.4925279409810672,3.3398080698924435,1.6214624717231578,cv.bloss,0.4166636512814386,0.3051299825084173,16.36847854079966,35.59297520370049,16.36847854079966,NA,FALSE,NA,0.1
tunep2,1,tunep2_10_r5.rds,good,1000,1,5,0.04706063403342625,0.04706063403342625,0.16103018835741606,0.16103018835741606,0,1.5901145956620806,4.048762821499153,3.367277957782914,3.835230088825277,1.120159412265398,boot.inf,0.1803794811474295,0.12015941226539795,1.0387231075065553,1.0387231075065553,1.9682741295848727,NA,TRUE,NA,0.31622776601683794
tunep2,1,tunep2_10_r50.rds,good,1000,1,50,0.04706063403342625,0.04706063403342625,0.13355555207723413,0.13355555207723413,0,1.6929312724130692,4.842488216069826,3.75016951446127,4.583274666519559,1.2306029123742048,boot.inf,0.1643538513499891,0.23060291237420483,4.435893356350748,4.435893356350748,7.5697372829850735,NA,TRUE,NA,0.1
tunep2,1,tunep2_11_r5.rds,moderate,1000,1,5,0.08514614474237081,0.08514614474237081,0.1545457171105818,0.1545457171105818,0,1.4117328429100517,5.779002154054119,4.058157807582842,5.726161065865722,2.0021924405268003,cv.bloss,0.21817726457609427,0.41173284291005174,2.7934966301523136,3.6399592279806994,2.7934966301523136,NA,TRUE,NA,0.31622776601683794
tunep2,1,tunep2_11_r50.rds,moderate,1000,1,50,0.08514614474237081,0.08514614474237081,0.23897678789284701,0.23897678789284701,0,1.3971285566665077,4.156932419183205,3.029020418032094,4.086502826369372,1.651276861206958,cv.bloss,0.3338812947455315,0.3971285566665077,10.52023759443027,12.181983610532974,10.52023759443027,NA,TRUE,NA,0.1
tunep2,1,tunep2_12_r5.rds,bad,1000,1,5,0.13160962906885104,0.13160962906885104,0.438709112247881,0.438709112247881,0,1.0936663540606693,2.636589303820524,2.0050911140778065,2.5647680898935263,1.3083141158425378,cv.bloss,0.47980139528533294,0.09366635406066925,2.0211951023328805,8.269984095103782,2.0211951023328805,NA,TRUE,NA,0.31622776601683794
tunep2,1,tunep2_12_r50.rds,bad,1000,1,50,0.13160962906885104,0.13160962906885104,0.3284729462506948,0.3284729462506948,0,1.2873017640617972,3.400208314365009,2.496671789284664,3.3565872145109106,1.5677253544596332,cv.bloss,0.4228438031550953,0.2873017640617972,9.066516829618598,16.72217276889344,9.066516829618598,NA,TRUE,NA,0.1
tunep2,1,tunep2_13_r5.rds,good,2000,1,5,0.06173742138428804,0.06173742138428804,0.14425930766032735,0.14425930766032735,0,1.6284681794914657,4.5747398182893395,3.852359222947203,4.447685911246574,1.3669068798687327,boot.inf,0.19718904012600164,0.3669068798687327,4.468773825568574,4.468773825568574,6.049570921991403,NA,FALSE,NA,0.31622776601683794
tunep2,1,tunep2_13_r50.rds,good,2000,1,50,0.06173742138428804,0.06173742138428804,0.14869032424493037,0.14869032424493037,0,1.5444784886461362,4.289428051595456,3.5367602606269823,4.182217893821702,1.3753638353848892,boot.inf,0.2045032946381302,0.37536383538488916,8.623621901402139,8.623621901402139,16.187360429980817,NA,FALSE,NA,0.1
tunep2,1,tunep2_14_r5.rds,moderate,2000,1,5,0.09259157899568098,0.08053143348229923,0.19785889719241037,0.19790500638546962,2.3304078670971506e-4,1.4512669097041866,4.598175984356726,3.536235845383749,4.5945728174384435,1.7807806687534884,cv.bloss,0.2871460702859078,0.4509287841188756,14.075222293331416,4.330396430706507,14.075222293331416,NA,FALSE,NA,0.31622776601683794
tunep2,1,tunep2_14_r50.rds,moderate,2000,1,50,0.08838314883020956,0.08053143348229923,0.2188215651439119,0.21889003059852155,3.1288257427752875e-4,1.4485739693062196,4.274153949576955,3.2179397171128743,4.233687104915808,1.7477478783024116,cv.bloss,0.31697922319031596,0.4481208775181966,19.30979962377883,15.784790985358972,19.30979962377883,NA,FALSE,NA,0.1
tunep2,1,tunep2_15_r5.rds,bad,2000,1,5,0.14763563642079366,0.14763563642079366,0.3054296807636771,0.3054296807636771,0,1.3710713284804894,3.4563816590652428,2.687018495720086,3.403094858365841,1.6780153997001244,cv.bloss,0.41876587816202654,0.3710713284804894,4.918100042060253,7.190780174128347,4.918100042060253,NA,FALSE,NA,0.31622776601683794
tunep2,1,tunep2_15_r50.rds,bad,2000,1,50,0.14763563642079366,0.14763563642079366,0.3559639934458714,0.3559639934458714,0,1.2618549244003703,3.0468559254555303,2.338585766157616,3.0301863052206937,1.5143341625456057,cv.bloss,0.4491749180388939,0.2618549244003703,7.300067617460434,23.60785428903785,7.300067617460434,NA,FALSE,NA,0.1
tunep2,1,tunep2_16_r5.rds,good,2000,1,5,0.059803328982738664,0.059803328982738664,0.23936489041232378,0.23936489041232378,0,1.5202025420141745,3.3772283361194586,2.915734924026702,3.331648290780807,1.3037524390781015,boot.inf,0.3120725597047296,0.30375243907810145,2.3107521208105166,2.3107521208105166,5.228885023038765,NA,TRUE,NA,0.31622776601683794
tunep2,1,tunep2_16_r50.rds,good,2000,1,50,0.059803328982738664,0.059803328982738664,0.17683114845840603,0.17683114845840603,0,1.5222622038566735,3.871482634272178,3.212855425330717,3.778728824387692,1.3263203398445294,boot.inf,0.23453474891845152,0.32632033984452935,5.770862517791221,5.770862517791221,9.237309364746348,NA,TRUE,NA,0.1
tunep2,1,tunep2_17_r5.rds,moderate,2000,1,5,0.09046346185331246,0.09046346185331246,0.2144839783814633,0.2144839783814633,0,1.403150546029116,4.712783175769554,3.245413532509395,4.63216898366403,1.8293129065339107,cv.bloss,0.30095331138044734,0.40315054602911604,3.0159145197061195,6.439956137686952,3.0159145197061195,NA,TRUE,NA,0.31622776601683794
tunep2,1,tunep2_17_r50.rds,moderate,2000,1,50,0.09046346185331246,0.09046346185331246,0.2571780077989705,0.2571780077989705,0,1.4210089080816328,3.951057380552845,3.0177669088797563,3.912049394453963,1.6486440324452496,cv.bloss,0.3654522400450247,0.4210089080816328,13.368087585011855,13.456453900444705,13.368087585011855,NA,TRUE,NA,0.1
tunep2,1,tunep2_18_r5.rds,bad,2000,1,5,0.14272485831537737,0.14272485831537737,0.3357108207081537,0.3357108207081537,0,1.1858272716205196,3.322733098585262,2.519221504611236,3.309961631791256,1.5718711854302267,cv.bloss,0.3980950465738354,0.1858272716205196,5.468221455405825,11.424475254262122,5.468221455405825,NA,TRUE,NA,0.31622776601683794
tunep2,1,tunep2_18_r50.rds,bad,2000,1,50,0.14272485831537737,0.14272485831537737,0.40370950738372663,0.40370950738372663,0,1.1856526801759435,2.894431982021234,2.201334492227934,2.875509139348802,1.4463760518332047,cv.bloss,0.47865925944202536,0.1856526801759435,9.496450100856364,20.148877059188603,9.496450100856364,NA,TRUE,NA,0.1
