"name","file_before","file_after","depth","verified","note"
"end_slope","Extension_CV/scripts/analyse_path_end_slope.R","analysis/cv/basic_dgp/analyse_path_end_slope.R",0,TRUE,""
"col","Exploring CV/cv_summary.qmd","analysis/cv/basic_dgp/cv_summary.qmd",0,TRUE,""
"fmt","Exploring CV/cv_summary.qmd","analysis/cv/basic_dgp/cv_summary.qmd",0,TRUE,""
"get_opt","Exploring CV/cv_summary.qmd","analysis/cv/basic_dgp/cv_summary.qmd",0,TRUE,""
"get_sel","Exploring CV/cv_summary.qmd","analysis/cv/basic_dgp/cv_summary.qmd",0,TRUE,""
"rel","Exploring CV/cv_summary.qmd","analysis/cv/basic_dgp/cv_summary.qmd",0,TRUE,""
"show","Exploring CV/cv_summary.qmd","analysis/cv/basic_dgp/cv_summary.qmd",0,TRUE,""
"axis_panels","Exploring CV/plot_grids.R","analysis/cv/basic_dgp/plot_grids.R",0,TRUE,""
"grid_png","Exploring CV/plot_grids.R","analysis/cv/basic_dgp/plot_grids.R",0,TRUE,""
"lev","Exploring CV/plot_grids.R","analysis/cv/basic_dgp/plot_grids.R",3,TRUE,""
"panel_rmse","Exploring CV/plot_grids.R","analysis/cv/basic_dgp/plot_grids.R",0,TRUE,""
"path_png","Exploring CV/plot_grids.R","analysis/cv/basic_dgp/plot_grids.R",0,TRUE,""
"penalty_picks_csv","Exploring CV/plot_grids.R","analysis/cv/basic_dgp/plot_grids.R",0,TRUE,""
"make_rmse_table","Exploring CV/prep_cv_summary.R","analysis/cv/basic_dgp/prep_cv_summary.R",0,TRUE,""
"summarise_file","Exploring CV/prep_cv_summary.R","analysis/cv/basic_dgp/prep_cv_summary.R",0,TRUE,""
"vs_floor","Exploring CV/prep_cv_summary.R","analysis/cv/basic_dgp/prep_cv_summary.R",0,TRUE,""
"z_vs_floor","Exploring CV/prep_cv_summary.R","analysis/cv/basic_dgp/prep_cv_summary.R",7,TRUE,""
"bind","CV Extension/plot_wt_att.R","analysis/cv/wz_replication/plot_wc_att.R",0,TRUE,""
"rmse","CV Extension/plot_wt_att.R","analysis/cv/wz_replication/plot_wc_att.R",0,TRUE,""
"sbw_rmse","CV Extension/plot_wt_att.R","analysis/cv/wz_replication/plot_wc_att.R",0,TRUE,""
"truth","CV Extension/plot_wt_att.R","analysis/cv/wz_replication/plot_wc_att.R",0,TRUE,""
"bind","CV Extension/Replication w Balnet As well.qmd","analysis/cv/wz_replication/wc_findings.qmd",0,TRUE,""
"mcse","CV Extension/Replication w Balnet As well.qmd","analysis/cv/wz_replication/wc_findings.qmd",0,TRUE,""
"rmse","CV Extension/Replication w Balnet As well.qmd","analysis/cv/wz_replication/wc_findings.qmd",0,TRUE,""
"row","CV Extension/Replication w Balnet As well.qmd","analysis/cv/wz_replication/wc_findings.qmd",5,TRUE,""
"sbw_err","CV Extension/Replication w Balnet As well.qmd","analysis/cv/wz_replication/wc_findings.qmd",0,TRUE,""
"show_model","CV Extension/Replication w Balnet As well.qmd","analysis/cv/wz_replication/wc_findings.qmd",0,TRUE,""
"truth","CV Extension/Replication w Balnet As well.qmd","analysis/cv/wz_replication/wc_findings.qmd",0,TRUE,""
"bind","CV Extension/wc_grids.R","analysis/cv/wz_replication/wc_grids.R",3,TRUE,""
"fmt","CV Extension/wc_grids.R","analysis/cv/wz_replication/wc_grids.R",3,TRUE,""
"grid_fig","CV Extension/wc_grids.R","analysis/cv/wz_replication/wc_grids.R",0,TRUE,""
"lambda_tab","CV Extension/wc_grids.R","analysis/cv/wz_replication/wc_grids.R",0,TRUE,""
"mcse","CV Extension/wc_grids.R","analysis/cv/wz_replication/wc_grids.R",0,TRUE,""
"model","CV Extension/wc_grids.R","analysis/cv/wz_replication/wc_grids.R",3,TRUE,""
"panel","CV Extension/wc_grids.R","analysis/cv/wz_replication/wc_grids.R",0,TRUE,""
"pick_fig","CV Extension/wc_grids.R","analysis/cv/wz_replication/wc_grids.R",0,TRUE,""
"pick_panel","CV Extension/wc_grids.R","analysis/cv/wz_replication/wc_grids.R",0,TRUE,""
"read_cell","CV Extension/wc_grids.R","analysis/cv/wz_replication/wc_grids.R",0,TRUE,""
"read_grid","CV Extension/wc_grids.R","analysis/cv/wz_replication/wc_grids.R",0,TRUE,""
"rmse","CV Extension/wc_grids.R","analysis/cv/wz_replication/wc_grids.R",0,TRUE,""
"rmse_tab","CV Extension/wc_grids.R","analysis/cv/wz_replication/wc_grids.R",0,TRUE,""
"write_tabs","CV Extension/wc_grids.R","analysis/cv/wz_replication/wc_grids.R",0,TRUE,""
"load_cv","analysis/correctspec.qmd","analysis/ipw/correctspec.qmd",0,TRUE,""
"num","analysis/correctspec.qmd","analysis/ipw/correctspec.qmd",0,TRUE,""
"star_v","analysis/CV Analysis.qmd","analysis/ipw/cv_analysis.qmd",0,TRUE,""
"degree_tbl","analysis/cvfix.qmd","analysis/ipw/cvfix.qmd",0,TRUE,""
"ld","analysis/cvfix.qmd","analysis/ipw/cvfix.qmd",0,TRUE,""
"load_cv","analysis/cvfix.qmd","analysis/ipw/cvfix.qmd",0,TRUE,""
"dgp_wc","CV Extension/dgp_wc_overlap.R","archive/cv_extension/dgp_wc_overlap.R",0,TRUE,""
"dgp_wc_overlap","CV Extension/dgp_wc_overlap.R","archive/cv_extension/dgp_wc_overlap.R",0,TRUE,""
"f","CV Extension/dgp_wc_overlap.R","archive/cv_extension/dgp_wc_overlap.R",3,TRUE,""
"gen_data","Exploring CV/balnet_mini_experiment.R","archive/exploring_cv/balnet_mini_experiment.R",0,TRUE,""
"bind","Exploring CV/balnet_mini_experiment edited.R","archive/exploring_cv/balnet_mini_experiment_edited.R",2,TRUE,""
"fit","Exploring CV/balnet_mini_experiment edited.R","archive/exploring_cv/balnet_mini_experiment_edited.R",3,TRUE,""
"fit","Exploring CV/balnet_mini_experiment edited.R","archive/exploring_cv/balnet_mini_experiment_edited.R",4,TRUE,""
"gen_cell","Exploring CV/balnet_mini_experiment edited.R","archive/exploring_cv/balnet_mini_experiment_edited.R",0,TRUE,""
"gen_data","Exploring CV/balnet_mini_experiment edited.R","archive/exploring_cv/balnet_mini_experiment_edited.R",0,TRUE,""
"one_rep","Exploring CV/balnet_mini_experiment edited.R","archive/exploring_cv/balnet_mini_experiment_edited.R",0,TRUE,""
"r2","Exploring CV/balnet_mini_experiment edited.R","archive/exploring_cv/balnet_mini_experiment_edited.R",0,TRUE,""
"rmse","Exploring CV/balnet_mini_experiment edited.R","archive/exploring_cv/balnet_mini_experiment_edited.R",0,TRUE,""
"run_par","Exploring CV/balnet_mini_experiment edited.R","archive/exploring_cv/balnet_mini_experiment_edited.R",0,TRUE,""
"title_of","Exploring CV/balnet_mini_experiment edited.R","archive/exploring_cv/balnet_mini_experiment_edited.R",0,TRUE,""
"bind","Exploring CV/balnet_mini_experiment Machine 2.R","archive/exploring_cv/balnet_mini_experiment_machine_2.R",2,TRUE,""
"fit","Exploring CV/balnet_mini_experiment Machine 2.R","archive/exploring_cv/balnet_mini_experiment_machine_2.R",3,TRUE,""
"fit","Exploring CV/balnet_mini_experiment Machine 2.R","archive/exploring_cv/balnet_mini_experiment_machine_2.R",4,TRUE,""
"gen_cell","Exploring CV/balnet_mini_experiment Machine 2.R","archive/exploring_cv/balnet_mini_experiment_machine_2.R",0,TRUE,""
"gen_data","Exploring CV/balnet_mini_experiment Machine 2.R","archive/exploring_cv/balnet_mini_experiment_machine_2.R",0,TRUE,""
"one_rep","Exploring CV/balnet_mini_experiment Machine 2.R","archive/exploring_cv/balnet_mini_experiment_machine_2.R",0,TRUE,""
"rmse","Exploring CV/balnet_mini_experiment Machine 2.R","archive/exploring_cv/balnet_mini_experiment_machine_2.R",0,TRUE,""
"run_par","Exploring CV/balnet_mini_experiment Machine 2.R","archive/exploring_cv/balnet_mini_experiment_machine_2.R",0,TRUE,""
"title_of","Exploring CV/balnet_mini_experiment Machine 2.R","archive/exploring_cv/balnet_mini_experiment_machine_2.R",0,TRUE,""
"bind","Exploring CV/balnet_mini_experiment WINDOWS.R","archive/exploring_cv/balnet_mini_experiment_windows.R",2,TRUE,""
"end_slope","Exploring CV/balnet_mini_experiment WINDOWS.R","archive/exploring_cv/balnet_mini_experiment_windows.R",0,TRUE,""
"fit","Exploring CV/balnet_mini_experiment WINDOWS.R","archive/exploring_cv/balnet_mini_experiment_windows.R",3,TRUE,""
"fit","Exploring CV/balnet_mini_experiment WINDOWS.R","archive/exploring_cv/balnet_mini_experiment_windows.R",4,TRUE,""
"gen_cell","Exploring CV/balnet_mini_experiment WINDOWS.R","archive/exploring_cv/balnet_mini_experiment_windows.R",0,TRUE,""
"gen_data","Exploring CV/balnet_mini_experiment WINDOWS.R","archive/exploring_cv/balnet_mini_experiment_windows.R",0,TRUE,""
"one_rep","Exploring CV/balnet_mini_experiment WINDOWS.R","archive/exploring_cv/balnet_mini_experiment_windows.R",0,TRUE,""
"r2","Exploring CV/balnet_mini_experiment WINDOWS.R","archive/exploring_cv/balnet_mini_experiment_windows.R",0,TRUE,""
"rmse","Exploring CV/balnet_mini_experiment WINDOWS.R","archive/exploring_cv/balnet_mini_experiment_windows.R",0,TRUE,""
"run_par","Exploring CV/balnet_mini_experiment WINDOWS.R","archive/exploring_cv/balnet_mini_experiment_windows.R",0,TRUE,""
"title_of","Exploring CV/balnet_mini_experiment WINDOWS.R","archive/exploring_cv/balnet_mini_experiment_windows.R",0,TRUE,""
".balance_loss","Exploring CV/balnet_scoring_functions.R","archive/exploring_cv/balnet_scoring_functions.R",3,TRUE,""
".imbalance","Exploring CV/balnet_scoring_functions.R","archive/exploring_cv/balnet_scoring_functions.R",3,TRUE,""
"get_balance_loss","Exploring CV/balnet_scoring_functions.R","archive/exploring_cv/balnet_scoring_functions.R",0,TRUE,""
"get_imbalance","Exploring CV/balnet_scoring_functions.R","archive/exploring_cv/balnet_scoring_functions.R",0,TRUE,""
"cv.balnet","Exploring CV/balnet_selection_functions.R","archive/exploring_cv/balnet_selection_functions.R",0,TRUE,""
"cv.boot.balnet","Exploring CV/balnet_selection_functions.R","archive/exploring_cv/balnet_selection_functions.R",0,TRUE,""
"fmt","Extension_CV/cv_summary.qmd","archive/extension_cv/cv_summary.qmd",0,TRUE,""
"pick_cell","Extension_CV/cv_summary.qmd","archive/extension_cv/cv_summary.qmd",0,TRUE,""
"axis_panels","Extension_CV/scripts/plot_rmse_grids_for_qmd.R","archive/extension_cv/scripts/plot_rmse_grids_for_qmd.R",0,TRUE,""
"grid_png","Extension_CV/scripts/plot_rmse_grids_for_qmd.R","archive/extension_cv/scripts/plot_rmse_grids_for_qmd.R",0,TRUE,""
"panel_rmse","Extension_CV/scripts/plot_rmse_grids_for_qmd.R","archive/extension_cv/scripts/plot_rmse_grids_for_qmd.R",0,TRUE,""
"summarise_file","Extension_CV/scripts/summarise_runs_to_csv.R","archive/extension_cv/scripts/summarise_runs_to_csv.R",0,TRUE,""
"vs_floor","Extension_CV/scripts/summarise_runs_to_csv.R","archive/extension_cv/scripts/summarise_runs_to_csv.R",0,TRUE,""
"z_vs_floor","Extension_CV/scripts/summarise_runs_to_csv.R","archive/extension_cv/scripts/summarise_runs_to_csv.R",7,TRUE,""
"arity_ok","Tests/balnet fix.R","archive/tests/balnet_fix.R",0,TRUE,""
"dgp_gen","Tests/balnet fix.R","archive/tests/balnet_fix.R",0,TRUE,""
"num","Tests/balnet fix.R","archive/tests/balnet_fix.R",0,TRUE,""
"patch_cv_balnet","Tests/balnet fix.R","archive/tests/balnet_fix.R",0,TRUE,""
"rewrite","Tests/balnet fix.R","archive/tests/balnet_fix.R",0,TRUE,""
"scan","Tests/balnet fix.R","archive/tests/balnet_fix.R",0,TRUE,""
"selftest_cv_fix","Tests/balnet fix.R","archive/tests/balnet_fix.R",0,TRUE,""
"target","Tests/balnet fix.R","archive/tests/balnet_fix.R",0,TRUE,""
"walk","Tests/balnet fix.R","archive/tests/balnet_fix.R",0,TRUE,""
".Sig","Tests/DGP2 validity T1.R","archive/tests/dgp2_validity_t1.R",0,TRUE,""
"f","Tests/DGP2 validity T1.R","archive/tests/dgp2_validity_t1.R",5,TRUE,""
"generate_data","Tests/DGP2 validity T1.R","archive/tests/dgp2_validity_t1.R",0,TRUE,""
".Sig","R/dgp.R","R/dgp.R",3,TRUE,""
"dgp_wc","CV Extension/dgp_wc.R","R/dgp.R",0,TRUE,""
"dgp_wc_overlap","CV Extension/dgp_wc.R","R/dgp.R",0,TRUE,""
"dgp1","R/dgp.R","R/dgp.R",0,TRUE,""
"dgp2","R/dgp.R","R/dgp.R",0,TRUE,""
"f","CV Extension/dgp_wc.R","R/dgp.R",3,TRUE,""
"f","R/dgp.R","R/dgp.R",5,TRUE,""
"gen_data","Extension_CV/R/dgp_cv.R","R/dgp.R",0,TRUE,""
"run_par","Extension_CV/R/dgp_cv.R","R/dgp.R",0,TRUE,""
"cstat","CV Extension/sbw_wc.R","R/estimators_cv.R",0,TRUE,""
"estimate_wc_sbw","CV Extension/sbw_wc.R","R/estimators_cv.R",0,TRUE,""
"fit","CV Extension/sbw_wc.R","R/estimators_cv.R",7,TRUE,""
"fit_sbw","CV Extension/sbw_wc.R","R/estimators_cv.R",0,TRUE,""
"tau_row","CV Extension/sbw_wc.R","R/estimators_cv.R",3,TRUE,""
"ate_bal","R/estimators.R","R/estimators_ipw.R",0,TRUE,""
"ate_hajek","R/estimators.R","R/estimators_ipw.R",0,TRUE,""
"ate_ht","R/estimators.R","R/estimators_ipw.R",0,TRUE,""
"cv_loss","R/estimators.R","R/estimators_ipw.R",0,TRUE,""
"estimate_all","R/estimators.R","R/estimators_ipw.R",0,TRUE,""
"max_smd","R/estimators.R","R/estimators_ipw.R",0,TRUE,""
"as_c","analysis/Analysis.R","R/plots.R",0,TRUE,""
"cv_bias_bins","analysis/Analysis.R","R/plots.R",0,TRUE,""
"cv_curve_plot","analysis/Analysis.R","R/plots.R",0,TRUE,""
"cv_regret","analysis/Analysis.R","R/plots.R",0,TRUE,""
"decomp_plot","analysis/Analysis.R","R/plots.R",0,TRUE,""
"delta_panel","analysis/Analysis.R","R/plots.R",0,TRUE,""
"delta_table","analysis/Analysis.R","R/plots.R",0,TRUE,""
"extreme_heat","analysis/Analysis.R","R/plots.R",0,TRUE,""
"inner_lab","analysis/Analysis.R","R/plots.R",3,TRUE,""
"lambda_plot","analysis/Analysis.R","R/plots.R",0,TRUE,""
"line_plot","analysis/Analysis.R","R/plots.R",0,TRUE,""
"n_relabel","analysis/Analysis.R","R/plots.R",0,TRUE,""
"nnz_plot","analysis/Analysis.R","R/plots.R",0,TRUE,""
"panel","analysis/Analysis.R","R/plots.R",0,TRUE,""
"perf_table","analysis/Analysis.R","R/plots.R",0,TRUE,""
"risk_curve","analysis/Analysis.R","R/plots.R",0,TRUE,""
"smd_plot","analysis/Analysis.R","R/plots.R",0,TRUE,""
"spec_grid","analysis/Analysis.R","R/plots.R",0,TRUE,""
"trunc_table","analysis/Analysis.R","R/plots.R",0,TRUE,""
"empty_registry","R/registry.R","R/registry.R",0,TRUE,""
"register_run","R/registry.R","R/registry.R",0,FALSE,"default argument changed to here::here(""registry.csv""); body unchanged"
"run_batch","R/registry.R","R/registry.R",0,FALSE,"default argument changed to here::here(""registry.csv""); body unchanged"
"make_seeds","R/simulate.R","R/simulate.R",0,TRUE,""
"run_rep","R/simulate.R","R/simulate.R",0,TRUE,""
"simulate_grid","R/simulate.R","R/simulate.R",0,TRUE,""
"as_diag","analysis/Analysis.R","R/summarise.R",0,TRUE,""
"curve_stats","analysis/Analysis.R","R/summarise.R",0,TRUE,""
"delta_ms","analysis/Analysis.R","R/summarise.R",0,TRUE,""
"diag_wide","analysis/Analysis.R","R/summarise.R",0,TRUE,""
"drop0","analysis/Analysis.R","R/summarise.R",0,TRUE,""
"flatness_table","analysis/Analysis.R","R/summarise.R",0,TRUE,""
"has","analysis/Analysis.R","R/summarise.R",3,TRUE,""
"is_diag","analysis/Analysis.R","R/summarise.R",0,TRUE,""
"kkt_check","analysis/Analysis.R","R/summarise.R",0,TRUE,""
"load_cv_curves","analysis/Analysis.R","R/summarise.R",0,TRUE,""
"load_sim","analysis/Analysis.R","R/summarise.R",0,TRUE,""
"loss_gap","analysis/Analysis.R","R/summarise.R",0,TRUE,""
"pivot_q","analysis/Analysis.R","R/summarise.R",0,TRUE,""
"r_at","analysis/Analysis.R","R/summarise.R",7,TRUE,""
"rep_cv","analysis/Analysis.R","R/summarise.R",0,TRUE,""
"summarise_diag","analysis/Analysis.R","R/summarise.R",0,TRUE,""
"summarise_sim","analysis/Analysis.R","R/summarise.R",0,TRUE,""
"panel_rmse","Exploring CV/functions..R","runs/cv/basic_dgp/make_cv_picks.R",0,TRUE,""
"fit","Extension_CV/scripts/run_alpha_sweep_bad_overlap__alpha_bad.R","runs/cv/basic_dgp/run_alpha_sweep_bad_overlap__alpha_bad.R",4,TRUE,""
"gen_cell","Extension_CV/scripts/run_alpha_sweep_bad_overlap__alpha_bad.R","runs/cv/basic_dgp/run_alpha_sweep_bad_overlap__alpha_bad.R",0,TRUE,""
"one_rep","Extension_CV/scripts/run_alpha_sweep_bad_overlap__alpha_bad.R","runs/cv/basic_dgp/run_alpha_sweep_bad_overlap__alpha_bad.R",0,TRUE,""
"r2","Extension_CV/scripts/run_alpha_sweep_bad_overlap__alpha_bad.R","runs/cv/basic_dgp/run_alpha_sweep_bad_overlap__alpha_bad.R",0,TRUE,""
"rmse","Extension_CV/scripts/run_alpha_sweep_bad_overlap__alpha_bad.R","runs/cv/basic_dgp/run_alpha_sweep_bad_overlap__alpha_bad.R",0,TRUE,""
"bind","Extension_CV/scripts/run_alpha_x_overlap_x_density_50reps__tunea.R","runs/cv/basic_dgp/run_alpha_x_overlap_x_density_50reps__tunea.R",2,TRUE,""
"fit","Extension_CV/scripts/run_alpha_x_overlap_x_density_50reps__tunea.R","runs/cv/basic_dgp/run_alpha_x_overlap_x_density_50reps__tunea.R",3,TRUE,""
"gen_cell","Extension_CV/scripts/run_alpha_x_overlap_x_density_50reps__tunea.R","runs/cv/basic_dgp/run_alpha_x_overlap_x_density_50reps__tunea.R",0,TRUE,""
"one_rep","Extension_CV/scripts/run_alpha_x_overlap_x_density_50reps__tunea.R","runs/cv/basic_dgp/run_alpha_x_overlap_x_density_50reps__tunea.R",0,TRUE,""
"rmse","Extension_CV/scripts/run_alpha_x_overlap_x_density_50reps__tunea.R","runs/cv/basic_dgp/run_alpha_x_overlap_x_density_50reps__tunea.R",0,TRUE,""
"title_of","Extension_CV/scripts/run_alpha_x_overlap_x_density_50reps__tunea.R","runs/cv/basic_dgp/run_alpha_x_overlap_x_density_50reps__tunea.R",0,TRUE,""
"fit","Extension_CV/scripts/run_bad_overlap_noise10_1000reps__tune4_19.R","runs/cv/basic_dgp/run_bad_overlap_noise10_1000reps__tune4_19.R",4,TRUE,""
"gen_cell","Extension_CV/scripts/run_bad_overlap_noise10_1000reps__tune4_19.R","runs/cv/basic_dgp/run_bad_overlap_noise10_1000reps__tune4_19.R",0,TRUE,""
"one_rep","Extension_CV/scripts/run_bad_overlap_noise10_1000reps__tune4_19.R","runs/cv/basic_dgp/run_bad_overlap_noise10_1000reps__tune4_19.R",0,TRUE,""
"bind","Extension_CV/scripts/run_confounder_spread_x_penalty__spread.R","runs/cv/basic_dgp/run_confounder_spread_x_penalty__spread.R",2,TRUE,""
"fit","Extension_CV/scripts/run_confounder_spread_x_penalty__spread.R","runs/cv/basic_dgp/run_confounder_spread_x_penalty__spread.R",4,TRUE,""
"gen_cell","Extension_CV/scripts/run_confounder_spread_x_penalty__spread.R","runs/cv/basic_dgp/run_confounder_spread_x_penalty__spread.R",0,TRUE,""
"one_rep","Extension_CV/scripts/run_confounder_spread_x_penalty__spread.R","runs/cv/basic_dgp/run_confounder_spread_x_penalty__spread.R",0,TRUE,""
"rmse","Extension_CV/scripts/run_confounder_spread_x_penalty__spread.R","runs/cv/basic_dgp/run_confounder_spread_x_penalty__spread.R",0,TRUE,""
"bind","Extension_CV/scripts/run_high_p_x_alpha_x_overlap__dimhi.R","runs/cv/basic_dgp/run_high_p_x_alpha_x_overlap__dimhi.R",2,TRUE,""
"fit","Extension_CV/scripts/run_high_p_x_alpha_x_overlap__dimhi.R","runs/cv/basic_dgp/run_high_p_x_alpha_x_overlap__dimhi.R",4,TRUE,""
"gen_cell","Extension_CV/scripts/run_high_p_x_alpha_x_overlap__dimhi.R","runs/cv/basic_dgp/run_high_p_x_alpha_x_overlap__dimhi.R",0,TRUE,""
"one_rep","Extension_CV/scripts/run_high_p_x_alpha_x_overlap__dimhi.R","runs/cv/basic_dgp/run_high_p_x_alpha_x_overlap__dimhi.R",0,TRUE,""
"rmse","Extension_CV/scripts/run_high_p_x_alpha_x_overlap__dimhi.R","runs/cv/basic_dgp/run_high_p_x_alpha_x_overlap__dimhi.R",0,TRUE,""
"fit","Extension_CV/scripts/run_n_x_overlap_enet__n_enet.R","runs/cv/basic_dgp/run_n_x_overlap_enet__n_enet.R",4,TRUE,""
"gen_cell","Extension_CV/scripts/run_n_x_overlap_enet__n_enet.R","runs/cv/basic_dgp/run_n_x_overlap_enet__n_enet.R",0,TRUE,""
"one_rep","Extension_CV/scripts/run_n_x_overlap_enet__n_enet.R","runs/cv/basic_dgp/run_n_x_overlap_enet__n_enet.R",0,TRUE,""
"r2","Extension_CV/scripts/run_n_x_overlap_enet__n_enet.R","runs/cv/basic_dgp/run_n_x_overlap_enet__n_enet.R",0,TRUE,""
"rmse","Extension_CV/scripts/run_n_x_overlap_enet__n_enet.R","runs/cv/basic_dgp/run_n_x_overlap_enet__n_enet.R",0,TRUE,""
"fit","Extension_CV/scripts/run_noise_axis_moderate_bad__snr_mb.R","runs/cv/basic_dgp/run_noise_axis_moderate_bad__snr_mb.R",4,TRUE,""
"gen_cell","Extension_CV/scripts/run_noise_axis_moderate_bad__snr_mb.R","runs/cv/basic_dgp/run_noise_axis_moderate_bad__snr_mb.R",0,TRUE,""
"one_rep","Extension_CV/scripts/run_noise_axis_moderate_bad__snr_mb.R","runs/cv/basic_dgp/run_noise_axis_moderate_bad__snr_mb.R",0,TRUE,""
"bind","Extension_CV/scripts/run_noise_x_overlap_density_diluted__tune.R","runs/cv/basic_dgp/run_noise_x_overlap_density_diluted__tune.R",2,TRUE,""
"fit","Extension_CV/scripts/run_noise_x_overlap_density_diluted__tune.R","runs/cv/basic_dgp/run_noise_x_overlap_density_diluted__tune.R",3,TRUE,""
"one_rep","Extension_CV/scripts/run_noise_x_overlap_density_diluted__tune.R","runs/cv/basic_dgp/run_noise_x_overlap_density_diluted__tune.R",0,TRUE,""
"rmse","Extension_CV/scripts/run_noise_x_overlap_density_diluted__tune.R","runs/cv/basic_dgp/run_noise_x_overlap_density_diluted__tune.R",0,TRUE,""
"title_of","Extension_CV/scripts/run_noise_x_overlap_density_diluted__tune.R","runs/cv/basic_dgp/run_noise_x_overlap_density_diluted__tune.R",0,TRUE,""
"bind","Extension_CV/scripts/run_noise_x_overlap_density_fixed__tune2.R","runs/cv/basic_dgp/run_noise_x_overlap_density_fixed__tune2.R",2,TRUE,""
"fit","Extension_CV/scripts/run_noise_x_overlap_density_fixed__tune2.R","runs/cv/basic_dgp/run_noise_x_overlap_density_fixed__tune2.R",3,TRUE,""
"gen_cell","Extension_CV/scripts/run_noise_x_overlap_density_fixed__tune2.R","runs/cv/basic_dgp/run_noise_x_overlap_density_fixed__tune2.R",0,TRUE,""
"one_rep","Extension_CV/scripts/run_noise_x_overlap_density_fixed__tune2.R","runs/cv/basic_dgp/run_noise_x_overlap_density_fixed__tune2.R",0,TRUE,""
"rmse","Extension_CV/scripts/run_noise_x_overlap_density_fixed__tune2.R","runs/cv/basic_dgp/run_noise_x_overlap_density_fixed__tune2.R",0,TRUE,""
"title_of","Extension_CV/scripts/run_noise_x_overlap_density_fixed__tune2.R","runs/cv/basic_dgp/run_noise_x_overlap_density_fixed__tune2.R",0,TRUE,""
"bind","Extension_CV/scripts/run_noise_x_overlap_enet__snr_enet.R","runs/cv/basic_dgp/run_noise_x_overlap_enet__snr_enet.R",2,TRUE,""
"fit","Extension_CV/scripts/run_noise_x_overlap_enet__snr_enet.R","runs/cv/basic_dgp/run_noise_x_overlap_enet__snr_enet.R",4,TRUE,""
"gen_cell","Extension_CV/scripts/run_noise_x_overlap_enet__snr_enet.R","runs/cv/basic_dgp/run_noise_x_overlap_enet__snr_enet.R",0,TRUE,""
"one_rep","Extension_CV/scripts/run_noise_x_overlap_enet__snr_enet.R","runs/cv/basic_dgp/run_noise_x_overlap_enet__snr_enet.R",0,TRUE,""
"r2","Extension_CV/scripts/run_noise_x_overlap_enet__snr_enet.R","runs/cv/basic_dgp/run_noise_x_overlap_enet__snr_enet.R",0,TRUE,""
"rmse","Extension_CV/scripts/run_noise_x_overlap_enet__snr_enet.R","runs/cv/basic_dgp/run_noise_x_overlap_enet__snr_enet.R",0,TRUE,""
"title_of","Extension_CV/scripts/run_noise_x_overlap_enet__snr_enet.R","runs/cv/basic_dgp/run_noise_x_overlap_enet__snr_enet.R",0,TRUE,""
"bind","Extension_CV/scripts/run_noise_x_overlap_lasso__tune4.R","runs/cv/basic_dgp/run_noise_x_overlap_lasso__tune4.R",2,TRUE,""
"fit","Extension_CV/scripts/run_noise_x_overlap_lasso__tune4.R","runs/cv/basic_dgp/run_noise_x_overlap_lasso__tune4.R",3,TRUE,""
"gen_cell","Extension_CV/scripts/run_noise_x_overlap_lasso__tune4.R","runs/cv/basic_dgp/run_noise_x_overlap_lasso__tune4.R",0,TRUE,""
"one_rep","Extension_CV/scripts/run_noise_x_overlap_lasso__tune4.R","runs/cv/basic_dgp/run_noise_x_overlap_lasso__tune4.R",0,TRUE,""
"rmse","Extension_CV/scripts/run_noise_x_overlap_lasso__tune4.R","runs/cv/basic_dgp/run_noise_x_overlap_lasso__tune4.R",0,TRUE,""
"title_of","Extension_CV/scripts/run_noise_x_overlap_lasso__tune4.R","runs/cv/basic_dgp/run_noise_x_overlap_lasso__tune4.R",0,TRUE,""
"fit","Extension_CV/scripts/run_overlap_axis__ov_s1.R","runs/cv/basic_dgp/run_overlap_axis__ov_s1.R",4,TRUE,""
"gen_cell","Extension_CV/scripts/run_overlap_axis__ov_s1.R","runs/cv/basic_dgp/run_overlap_axis__ov_s1.R",0,TRUE,""
"one_rep","Extension_CV/scripts/run_overlap_axis__ov_s1.R","runs/cv/basic_dgp/run_overlap_axis__ov_s1.R",0,TRUE,""
"fit","Extension_CV/scripts/run_overlap_axis_1000reps__ov_1k.R","runs/cv/basic_dgp/run_overlap_axis_1000reps__ov_1k.R",4,TRUE,""
"gen_cell","Extension_CV/scripts/run_overlap_axis_1000reps__ov_1k.R","runs/cv/basic_dgp/run_overlap_axis_1000reps__ov_1k.R",0,TRUE,""
"one_rep","Extension_CV/scripts/run_overlap_axis_1000reps__ov_1k.R","runs/cv/basic_dgp/run_overlap_axis_1000reps__ov_1k.R",0,TRUE,""
"fit","Extension_CV/scripts/run_overlap_axis_maxit1e5__ov_s1_m5.R","runs/cv/basic_dgp/run_overlap_axis_maxit1e5__ov_s1_m5.R",4,TRUE,""
"gen_cell","Extension_CV/scripts/run_overlap_axis_maxit1e5__ov_s1_m5.R","runs/cv/basic_dgp/run_overlap_axis_maxit1e5__ov_s1_m5.R",0,TRUE,""
"one_rep","Extension_CV/scripts/run_overlap_axis_maxit1e5__ov_s1_m5.R","runs/cv/basic_dgp/run_overlap_axis_maxit1e5__ov_s1_m5.R",0,TRUE,""
"bind","Extension_CV/scripts/run_p_x_alpha_x_overlap__dima.R","runs/cv/basic_dgp/run_p_x_alpha_x_overlap__dima.R",2,TRUE,""
"fit","Extension_CV/scripts/run_p_x_alpha_x_overlap__dima.R","runs/cv/basic_dgp/run_p_x_alpha_x_overlap__dima.R",4,TRUE,""
"gen_cell","Extension_CV/scripts/run_p_x_alpha_x_overlap__dima.R","runs/cv/basic_dgp/run_p_x_alpha_x_overlap__dima.R",0,TRUE,""
"one_rep","Extension_CV/scripts/run_p_x_alpha_x_overlap__dima.R","runs/cv/basic_dgp/run_p_x_alpha_x_overlap__dima.R",0,TRUE,""
"rmse","Extension_CV/scripts/run_p_x_alpha_x_overlap__dima.R","runs/cv/basic_dgp/run_p_x_alpha_x_overlap__dima.R",0,TRUE,""
"bind","Extension_CV/scripts/run_p_x_overlap_x_density__tunep2.R","runs/cv/basic_dgp/run_p_x_overlap_x_density__tunep2.R",2,TRUE,""
"fit","Extension_CV/scripts/run_p_x_overlap_x_density__tunep2.R","runs/cv/basic_dgp/run_p_x_overlap_x_density__tunep2.R",3,TRUE,""
"gen_cell","Extension_CV/scripts/run_p_x_overlap_x_density__tunep2.R","runs/cv/basic_dgp/run_p_x_overlap_x_density__tunep2.R",0,TRUE,""
"one_rep","Extension_CV/scripts/run_p_x_overlap_x_density__tunep2.R","runs/cv/basic_dgp/run_p_x_overlap_x_density__tunep2.R",0,TRUE,""
"rmse","Extension_CV/scripts/run_p_x_overlap_x_density__tunep2.R","runs/cv/basic_dgp/run_p_x_overlap_x_density__tunep2.R",0,TRUE,""
"title_of","Extension_CV/scripts/run_p_x_overlap_x_density__tunep2.R","runs/cv/basic_dgp/run_p_x_overlap_x_density__tunep2.R",0,TRUE,""
"bind","Extension_CV/scripts/run_ridge_enet_lowered_floor__tunea4.R","runs/cv/basic_dgp/run_ridge_enet_lowered_floor__tunea4.R",2,TRUE,""
"fit","Extension_CV/scripts/run_ridge_enet_lowered_floor__tunea4.R","runs/cv/basic_dgp/run_ridge_enet_lowered_floor__tunea4.R",4,TRUE,""
"gen_cell","Extension_CV/scripts/run_ridge_enet_lowered_floor__tunea4.R","runs/cv/basic_dgp/run_ridge_enet_lowered_floor__tunea4.R",0,TRUE,""
"one_rep","Extension_CV/scripts/run_ridge_enet_lowered_floor__tunea4.R","runs/cv/basic_dgp/run_ridge_enet_lowered_floor__tunea4.R",0,TRUE,""
"rmse","Extension_CV/scripts/run_ridge_enet_lowered_floor__tunea4.R","runs/cv/basic_dgp/run_ridge_enet_lowered_floor__tunea4.R",0,TRUE,""
"title_of","Extension_CV/scripts/run_ridge_enet_lowered_floor__tunea4.R","runs/cv/basic_dgp/run_ridge_enet_lowered_floor__tunea4.R",0,TRUE,""
"bind","Extension_CV/scripts/run_ridge_enet_x_overlap_x_density__tunea3.R","runs/cv/basic_dgp/run_ridge_enet_x_overlap_x_density__tunea3.R",2,TRUE,""
"fit","Extension_CV/scripts/run_ridge_enet_x_overlap_x_density__tunea3.R","runs/cv/basic_dgp/run_ridge_enet_x_overlap_x_density__tunea3.R",3,TRUE,""
"gen_cell","Extension_CV/scripts/run_ridge_enet_x_overlap_x_density__tunea3.R","runs/cv/basic_dgp/run_ridge_enet_x_overlap_x_density__tunea3.R",0,TRUE,""
"one_rep","Extension_CV/scripts/run_ridge_enet_x_overlap_x_density__tunea3.R","runs/cv/basic_dgp/run_ridge_enet_x_overlap_x_density__tunea3.R",0,TRUE,""
"rmse","Extension_CV/scripts/run_ridge_enet_x_overlap_x_density__tunea3.R","runs/cv/basic_dgp/run_ridge_enet_x_overlap_x_density__tunea3.R",0,TRUE,""
"title_of","Extension_CV/scripts/run_ridge_enet_x_overlap_x_density__tunea3.R","runs/cv/basic_dgp/run_ridge_enet_x_overlap_x_density__tunea3.R",0,TRUE,""
"att","CV Extension/run_wc_basis.R","runs/cv/wz_replication/run_wc_basis.R",6,TRUE,""
"att_e","CV Extension/run_wc_basis.R","runs/cv/wz_replication/run_wc_basis.R",6,TRUE,""
"att_w","CV Extension/run_wc_basis.R","runs/cv/wz_replication/run_wc_basis.R",6,TRUE,""
"basis","CV Extension/run_wc_basis.R","runs/cv/wz_replication/run_wc_basis.R",0,TRUE,""
"clip","CV Extension/run_wc_basis.R","runs/cv/wz_replication/run_wc_basis.R",6,TRUE,""
"fit","CV Extension/run_wc_basis.R","runs/cv/wz_replication/run_wc_basis.R",6,TRUE,""
"one_rep","CV Extension/run_wc_basis.R","runs/cv/wz_replication/run_wc_basis.R",0,TRUE,""
"att","CV Extension/run_wc_noise.R","runs/cv/wz_replication/run_wc_noise.R",6,TRUE,""
"att_e","CV Extension/run_wc_noise.R","runs/cv/wz_replication/run_wc_noise.R",6,TRUE,""
"att_w","CV Extension/run_wc_noise.R","runs/cv/wz_replication/run_wc_noise.R",6,TRUE,""
"clip","CV Extension/run_wc_noise.R","runs/cv/wz_replication/run_wc_noise.R",6,TRUE,""
"fit","CV Extension/run_wc_noise.R","runs/cv/wz_replication/run_wc_noise.R",6,TRUE,""
"one_rep","CV Extension/run_wc_noise.R","runs/cv/wz_replication/run_wc_noise.R",0,TRUE,""
"att","CV Extension/run_wc_overlap.R","runs/cv/wz_replication/run_wc_overlap.R",6,TRUE,""
"att_e","CV Extension/run_wc_overlap.R","runs/cv/wz_replication/run_wc_overlap.R",6,TRUE,""
"att_w","CV Extension/run_wc_overlap.R","runs/cv/wz_replication/run_wc_overlap.R",6,TRUE,""
"fit","CV Extension/run_wc_overlap.R","runs/cv/wz_replication/run_wc_overlap.R",6,TRUE,""
"one_rep","CV Extension/run_wc_overlap.R","runs/cv/wz_replication/run_wc_overlap.R",0,TRUE,""
"att","CV Extension/run_wc_overlap_n.R","runs/cv/wz_replication/run_wc_overlap_n.R",6,TRUE,""
"att_e","CV Extension/run_wc_overlap_n.R","runs/cv/wz_replication/run_wc_overlap_n.R",6,TRUE,""
"att_w","CV Extension/run_wc_overlap_n.R","runs/cv/wz_replication/run_wc_overlap_n.R",6,TRUE,""
"clip","CV Extension/run_wc_overlap_n.R","runs/cv/wz_replication/run_wc_overlap_n.R",6,TRUE,""
"fit","CV Extension/run_wc_overlap_n.R","runs/cv/wz_replication/run_wc_overlap_n.R",6,TRUE,""
"one_rep","CV Extension/run_wc_overlap_n.R","runs/cv/wz_replication/run_wc_overlap_n.R",0,TRUE,""
"att","CV Extension/run_wc_path.R","runs/cv/wz_replication/run_wc_path.R",6,TRUE,""
"fit","CV Extension/run_wc_path.R","runs/cv/wz_replication/run_wc_path.R",6,TRUE,""
"one_rep","CV Extension/run_wc_path.R","runs/cv/wz_replication/run_wc_path.R",0,TRUE,""
"dgp_gen","runs/correct+misspecDGP2.R","runs/ipw/correct_misspec_dgp2.R",0,TRUE,""
"dgp_gen","runs/correctspecDGP2 N800K.R","runs/ipw/correctspec_dgp2_n800k.R",0,TRUE,""
"dgp_gen_e1","runs/correctspecDGP1.R","runs/ipw/correctspecDGP1.R",0,TRUE,""
"arity_ok","runs/cvfix.R","runs/ipw/cvfix.R",3,TRUE,""
"dgp_gen","runs/cvfix.R","runs/ipw/cvfix.R",0,TRUE,""
"num","runs/cvfix.R","runs/ipw/cvfix.R",3,TRUE,""
"patch_cv_balnet","runs/cvfix.R","runs/ipw/cvfix.R",0,TRUE,""
"rewrite","runs/cvfix.R","runs/ipw/cvfix.R",3,TRUE,""
"scan","runs/cvfix.R","runs/ipw/cvfix.R",3,TRUE,""
"selftest_cv_fix","runs/cvfix.R","runs/ipw/cvfix.R",0,TRUE,""
"target","runs/cvfix.R","runs/ipw/cvfix.R",3,TRUE,""
"walk","runs/cvfix.R","runs/ipw/cvfix.R",3,TRUE,""
"dgp_gen","runs/DimensionDGP2.R","runs/ipw/DimensionDGP2.R",0,TRUE,""
"dgp_gen","runs/DimensionDGP2N5K.R","runs/ipw/DimensionDGP2N5K.R",0,TRUE,""
"dgp_gen","runs/Overlap+mispecDGP2.R","runs/ipw/overlap_misspec_dgp2.R",0,TRUE,""
"dgp_gen","runs/PoverMDGP2.R","runs/ipw/PoverMDGP2.R",0,FALSE,"file did not parse before the line-1 fix, so the before body is unknown; present in file_after"
"dgp_gen","runs/SNR.R","runs/ipw/SNR.R",0,TRUE,""
"dgp_gen","runs/Sparsity.R","runs/ipw/Sparsity.R",0,TRUE,""
"dgp_gen","runs/Sparsity 2.R","runs/ipw/sparsity_2.R",0,TRUE,""
"dgp_gen_ar1","runs/Sparsity 2.R","runs/ipw/sparsity_2.R",0,TRUE,""
"dgp_gen","runs/Treat Prop.R","runs/ipw/treat_prop.R",0,TRUE,""
"dgp_gen","runs/Weak Instruments.R","runs/ipw/weak_instruments.R",0,TRUE,""
"arity_ok","Tests/balnetfix.R","tests/balnet_cvfix_gate.R",3,TRUE,""
"patch_cv_balnet","Tests/balnetfix.R","tests/balnet_cvfix_gate.R",0,TRUE,""
"rewrite","Tests/balnetfix.R","tests/balnet_cvfix_gate.R",3,TRUE,""
"scan","Tests/balnetfix.R","tests/balnet_cvfix_gate.R",3,TRUE,""
"target","Tests/balnetfix.R","tests/balnet_cvfix_gate.R",3,TRUE,""
"walk","Tests/balnetfix.R","tests/balnet_cvfix_gate.R",3,TRUE,""
"fit","Extension_CV/scripts/cv_smoke_test.R","tests/cv_smoke_test.R",3,TRUE,""
"one_rep","Extension_CV/scripts/cv_smoke_test.R","tests/cv_smoke_test.R",0,TRUE,""
".Sig","Tests/DGP2 validity.R","tests/dgp2_validity.R",3,TRUE,""
"f","Tests/DGP2 validity.R","tests/dgp2_validity.R",5,TRUE,""
"generate_data","Tests/DGP2 validity.R","tests/dgp2_validity.R",0,TRUE,""
"hajek","Tests/DGP2 validity.R","tests/dgp2_validity.R",0,TRUE,""
"dgp_stub","R/testing.R","tests/smoke_simulate.R",0,TRUE,""
"dgp_stub_cell2fail","R/testing.R","tests/smoke_simulate.R",0,TRUE,""
"dgp_stub_flaky","R/testing.R","tests/smoke_simulate.R",0,TRUE,""
"estimate_all","R/testing.R","tests/smoke_simulate.R",0,TRUE,""
